,name,ground_truth,video_pre_g1,meta_pre_g1,meta_pre_g2,video_pre_g2,meta_pre_g3,video_pre_g3,meta_pre_g4,video_pre_g4,video_pre_g5,meta_pre_g5,meta_pre_g6,video_pre_g6,meta_pre_g7,video_pre_g7,meta_pre_g8,video_pre_g8
0,"O Brother, Where Art Thou?",195104,29708650.787037034,10539030.642857144,6416620,14932311,12313594.483064348,2557939.01129075,493800.75268028036,93182.52550500912,68537.60384756463,2126092.496363355,24951561.0,2885210.4,9132672.6700858,3162.0,30473006.0,9674998.0
1,The Twilight Saga: Breaking Dawn Part 1,138122261,57928660.79583333,86996548.19642857,99697664,9735624,60511794.66776276,5224333.1643500775,30685327.023200005,4201.326304038696,135733.81179562066,5836497.200746507,236658554.0,3358.05,39443932.77478983,10000000.0,1271020.5,6163535.5
2,The Twilight Saga: Breaking Dawn Part 2,141067634,47971257.57526881,81591958.53571428,106760145,6834581,70800353.0862472,2793798.8550658533,37083265.73401345,9544.956716142071,152814.8212450612,7348725.537366295,236658554.0,189988286.9,39079228.100007,31622776.0,1326449.0,4430376.0
3,Helena From the Wedding,2692,21231846.166666664,11305119.777777778,1550717,12085943,0.0,4620133.312982538,117316.4911437731,2045.5259782146336,39049.08918859367,3570.128796134334,21843.0,17734825.0,0.0,10000.0,1484356.5,1886337.0
4,Monsters,20508,35633039.48888888,2155815.619047619,886100,10005468,897134.1792767657,6099783.142253158,43729.98475196776,9367.485661479972,221298.91579039145,84467.36449876394,3390.0,3358.05,3551701.594737808,3162277.0,4152799.75,11164163.0
5,Catfish,257285,26302744.67682927,4648541.986111111,4660297,9675113,179353.44170629262,3150273.7187382933,62788.674783788425,28602.802800712485,165002.1941575921,99830.56892675953,250965.0,189988286.9,-506172.6025618469,10000.0,0.0,0.0
6,Red,21761408,23547786.90208333,24878671.976190474,1864291,10215450,6305758.084522755,0.0,28323310.95074511,612312.6192431286,248386.37725376105,7798252.3668278335,21692555.0,189988286.9,18809669.41849161,10000000.0,8251410.0,3309929.5
7,Freakonomics,31893,24129316.951111104,4476887.1190476185,6756637,6755576,0.0,2771517.316882146,69916.06479213982,576249.4134535524,59030.27030245162,105331.60235034944,31854.0,47481.65,721508.6878399523,3162277.0,6397643.5,6537961.5
8,The Warrior's Way,3048665,33319173.55357143,17112406.98214286,2433014,8240134,5402222.3797926735,8366058.681043874,979323.9366496813,612313.3683778943,418035.76187124616,298772.85131328204,186021.0,3358.05,11767911.8581541,10000000.0,2746445.5,7916690.5
9,Stone,75766,24875470.277777776,18475460.19642857,1193009,6216013,620478.871652233,4404380.914970619,213317.3894536561,8979.7573771922,430012.9181337885,546607.884767078,77647.0,3358.05,7141095.050678723,1000000.0,7269372.0,5999026.5
10,Frankenweenie,11412213,16972701.68253968,44306873.345238104,10937637,12605881,15727829.519453175,11073009.854442457,14831423.95659767,89063.40315049422,37846.25897573025,11001032.321102137,11501955.0,189988286.9,12244901.767671958,10000000.0,2228226.75,1032635.3125
11,John Carter,30180188,26575255.50574713,33505912.80357143,32409667,5782277,37402199.50615723,3079645.4881602167,64509887.83122351,493133.70208534674,169161.31334058664,27652303.537831604,77346266.0,3358.05,88421847.61002393,10000000.0,59142612.0,2508945.0
12,Dolphin Tale,19152401,23723050.45333333,16303753.089285715,16220526,8340764,18266477.32984996,6928901.153722812,9563591.32713455,226671.7319330416,116971.98389047275,2294968.089449976,15760038.0,189988286.9,10947773.18595922,10000000.0,3280325.5,3841131.25
13,Penguins of Madagascar,25447444,17497043.47619048,40283451.35714286,27274690,17688102,26099592.635245755,8999926.161316734,15088943.572158545,611361.5928504079,2651938.695829055,12999101.866937518,47966724.0,189988286.9,41280645.33944355,31622.0,14445786.0,5195470.5
14,Minions,115718405,19861993.77553764,28424760.48214286,102608297,23053593,83854612.28399701,0.0,36282645.3583179,597775.9837141258,257458.359070456,31947927.25783721,100762295.0,189988286.9,26134918.897197694,31622776.0,32983770.0,1958511.0
15,Proud American,96076,21932495.0,9751691.642857144,6025126,17016218,3378605.386157775,5196196.699408895,196560.33243439786,244325.4923934953,330571.32220894546,23739.045839034337,98462.0,5755499.85,0.0,31622776.0,1956713.75,2538728.75
16,Edmond,19253,20067255.45588236,10177754.023809524,2707940,11606488,0.0,2383019.362435384,32933.583873496325,9369.492103443365,37857.89577456819,50014.58147301375,92593.0,3358.05,0.0,10000000.0,11055188.0,2571059.75
17,Tootsie,5540470,22786530.239583336,6293682.440476191,7108242,8698018,5665395.361477528,0.0,7100184.2320892075,612289.4908637414,38618.19687015803,600626.6797031086,5620450.0,3358.05,4975822.148427527,10000000.0,31615630.0,1667326.0
18,Waterworld,21171780,25928314.5,16684331.5,22002011,12871117,17618006.790550616,5150498.947260142,32385885.98295281,162947.12266709696,348223.2138462295,20778341.06546929,25972450.0,2885210.4,57477118.29972901,31622776.0,20957096.0,951459.5625
19,The Lion King (2019),191770759,22583629.84166667,36828618.36309524,115817251,7304309,650691.2193006747,7682152.898363656,11130950.969130803,13206221.30995978,188328.7608441432,4696997.856809297,77346266.0,3358.05,0.0,100000.0,2103546.75,1189647.0
20,Crawl,12005210,19435099.45588236,18079052.92857143,14302346,9953016,12096606.815980798,0.0,2920073.230820456,267533.1425541625,452795.7957253512,1765566.1729215146,24106482.0,189988286.9,0.0,31622776.0,858731.5625,11408201.0
21,Stuber,8225384,24765336.56751056,31634072.863095235,10266642,12933031,11480041.331849672,5628954.379868287,5594926.344839107,33540.894487472324,523855.58492590813,523389.6138289501,20307843.0,2885210.4,0.0,10000000.0,1019156.3125,2485888.25
22,Midsommar,6560030,18650392.63602942,2009541.6785714286,11576696,20096945,12907034.88917514,0.0,1513785.7701759129,44070.80755637519,152820.19043620588,338294.53014105064,13727709.0,189988286.9,0.0,10000.0,978966.5625,5627776.5
23,Spider-Man: Far from Home,92579212,14052143.804166667,21118983.25,102359730,16582532,75816385.84889984,0.0,48182252.50768729,8691.779298727844,817712.2752013437,52308149.73139652,236658554.0,189988286.9,0.0,10000000.0,81040440.0,6464466.5
24,Yesterday,17010050,14211048.29957806,10914305.404761903,15060747,12428651,10331179.086089313,0.0,3028009.6430853195,565927.467543076,308073.3539171071,2707221.113819494,21692555.0,189988286.9,0.0,100000.0,1271667.0,10928313.0
25,Annabelle Comes Home,20269723,11966084.538288282,5206330.589285715,25368157,7054321,20514733.97030149,0.0,4160082.9554587705,12614.886372684397,623524.7361852819,3996319.1957086213,40341208.0,189988286.9,0.0,10000000.0,11158238.0,6263645.0
26,Toy Story 4,120908065,16122195.73563218,21025831.190476187,118043884,12415702,46891972.14710824,0.0,18216028.184749193,141169.13641861966,304655.8144127589,1838427.493689276,28626522.0,2885210.4,0.0,316.0,55310356.0,4081653.75
27,Child's Play (2019),14094594,10075472.151041668,16203580.464285715,8922461,11411232,4450865.70802282,5261209.7090897625,2859938.1881535808,372.3001339944177,224212.75965670813,994349.047200782,6089290.0,189988286.9,0.0,10000000.0,657337.0625,8014313.0
28,Anna (2019),3600647,19751512.79129794,9415555.517857144,18880085,12334047,0.0,0.0,1265502.6101017722,534848.6048599995,434889.67506635323,1480521.5726553246,10960805.0,189988286.9,0.0,1000000.0,5452536.5,7749855.5
29,Men in Black International,30035838,24400495.93085106,23435402.380952384,33874369,13173111,42716242.37333401,0.0,13525888.072629718,376.9669561237796,239740.38137653944,9466803.371937497,57738462.0,189988286.9,0.0,10000.0,66182432.0,7163590.5
30,Shaft (2019)Â ,8901419,43352724.57107842,14393357.398809524,11699600,12912406,7864541.75784303,0.0,6199436.23969021,4516.784213119119,646952.7373666402,4314231.992899068,20307843.0,189988286.9,0.0,10000000.0,1403063.5,4215233.5
31,Late Night,246305,33077106.148391802,13056706.80952381,4640193,4830947,0.0,0.0,32955.90856594491,611395.5922741317,188020.2955372241,212142.12330600238,148930.0,189988286.9,0.0,10000.0,899609.0625,5832905.0
32,The Secret Life of Pets 2,46652680,18862493.55555556,36193399.79166667,51241392,17669519,38516158.025666825,0.0,12992332.758082995,1972.881612794982,1990414.4668722088,11972234.686972676,100762295.0,189988286.9,0.0,10000000.0,35670644.0,7474779.5
33,Dark Phoenix,32828348,23305322.94210526,33174480.57142857,30994471,13130548,21721996.082237586,0.0,22083621.336026527,612072.1540699728,711559.1350592447,23056087.02100167,33537249.0,189988286.9,0.0,10000000.0,46918684.0,10872524.0
34,Godzilla:King of the Monsters,47776293,13543556.13095238,27488628.09523809,47583000,21032230,33797466.60880468,0.0,30345225.42876064,25543.807154247133,2450429.274689073,13298882.477405574,47966724.0,3358.05,0.0,31622776.0,616903.5625,3282255.25
35,Rocketman,25725722,18073700.650462966,13355584.642857146,26098704,12588555,22163644.25625334,0.0,9483118.333513863,88881.7221783965,692791.2564498142,2332686.263607605,25972450.0,189988286.9,0.0,10000000.0,1083677.75,5563659.0
36,Return of the Jedi,23019618,46165788.34649122,73435802.9047619,17168994,14416986,29597862.65534032,0.0,498102.9033382617,562361.281525985,436087.43555433466,7088725.204198377,23232557.0,189988286.9,13596079.361460872,31622776.0,28553152.0,3171862.0
37,Indiana Jones and the Temple of Doom,25337110,23090335.884920634,22190284.53571428,21813521,5277503,17898362.42082293,0.0,31853360.00712259,611595.8230489773,140011.26734946654,11652214.059503675,100762295.0,2885210.4,11238041.265287962,31622776.0,20563698.0,1543995.5
38,The Idolmaker,318403,13914370.560773484,5043142.315476188,1650734,4827824,0.0,0.0,232350.31968696805,7160.884017321659,72819.38222462151,224127.9167342597,325700.0,2885210.4,0.0,3162277.0,20765626.0,2828893.75
39,The Grass Harp,117161,21008195.483766228,7623963.202380952,1880334,14353426,0.0,0.0,126852.66829432914,22685.285310333093,43010.87724602917,266978.6885494541,543727.0,17734825.0,0.0,100000.0,22498866.0,2972836.75
40,The Grand,26334,21616982.18827161,19130483.666666664,1851898,8384636,87533.2801656708,0.0,17815.612685207958,605443.7941272648,50367.88128251831,84124.89666351561,28577.0,2885210.4,0.0,31622776.0,33606384.0,6898365.5
41,Jaws,7061513,23081015.46818181,7492757.672619048,3431193,9534147,16933312.58049055,0.0,339168.5187627834,36276.10755268724,113755.42027551125,1607519.8064477432,7722249.0,5755499.85,3966594.7503207335,100000.0,36356040.0,5100063.0
42,Superman (1978),7465343,27003659.18910257,10495014.101190476,20070570,9128932,4038322.567299435,0.0,532082.1187045642,9367.485661480241,385070.5405799109,3687209.575553924,7514115.0,2885210.4,16847617.245968483,10000000.0,40249344.0,1087608.75
43,Clerks,31665,8649411.186868688,8351997.821428573,5906841,6560702,5068264.944340055,0.0,190432.8823276397,534061.704262074,28592.435126517797,85656.56653158451,10960805.0,2885210.4,2074728.0866816072,31622.0,35746024.0,-244053.9375
44,Juice,8085915,55297675.91465863,10873757.464285716,4930153,10151408,4485104.20094997,0.0,816863.920153335,402380.9296977807,68317.54647286098,326204.3740218611,11836123.0,2885210.4,4805114.230812052,3162277.0,11195938.0,4506948.0
45,He Got Game,7610663,24725007.56209151,22254103.45238095,7511076,12443123,8065790.283043805,0.0,3129445.7003416726,70998.87214229483,655524.4255821187,1153331.730906541,1200727.0,169284.85,9774189.841969945,31622.0,10169669.0,7339452.0
46,White Men Can't Jump,14711124,39899076.26883562,14489751.744047618,13129075,5465745,8419426.051090023,0.0,3628265.1640387294,9429.04833008116,37389.61947424437,809319.1404858971,11226130.0,14589.95,5206564.49477593,316227.0,5888754.5,11098865.0
47,Mulholland Drive,587591,25345930.659090906,4982090.952380953,4954573,18649220,4509511.814776193,0.0,304321.49412726425,576769.2760220334,118113.87314162635,442896.9451614263,148930.0,189988286.9,7460269.230315719,3162277.0,13413752.0,1717490.75
48,Blue Velvet,789409,27058434.500000004,16918055.04761905,3069865,14485543,2114944.319021216,0.0,209378.61418302672,438411.64795762993,290625.4259295709,602222.0322763636,148930.0,189988286.9,1985041.7435098127,100000.0,19883168.0,2808349.25
49,Once Upon a Time in Hollywood,41082018,40149859.19927537,17078081.17857143,44026380,12122769,914503.1748989854,8302485.829126085,6717906.718843788,473234.8857678063,318460.4999088316,2782215.8834248795,30051032.0,189988286.9,0.0,31622776.0,436853.0625,5062841.5
50,The Big Lebowski,5533844,25515637.31127451,9329784.42857143,6722414,11140787,28730903.74382881,8737461.468862114,16401485.509532705,598911.8457704774,75550.4834010464,2260593.534171035,5620450.0,2885210.4,7125399.876134314,3162277.0,20312384.0,5435890.5
51,Train to Busan,284776,42241061.6476378,266289.76785714284,3191207,11779580,3712286.649647312,3138121.2553680236,204706.70860921254,26966.92081867724,204560.3853791764,844130.8547672009,3970.0,189988286.9,2943910.4004895133,100000.0,1667301.0,2415344.5
52,Pride and Prejudice and Zombies,5324240,30840949.7074468,12302872.255952382,8922461,9349948,13767176.265187815,4137345.4089910663,11534669.776264727,614.267127038576,378696.1930985879,1967769.4288925286,24106482.0,189988286.9,11563557.623693256,3162277.0,1923770.5,10276690.0
53,Dead Poets Society,340456,19256050.524572648,5894549.345238096,8806505,8249365,8474907.66626871,4045190.1073559774,499711.78586609045,568756.3269997063,123311.18301909347,287926.0425522309,7514115.0,189988286.9,6500624.02370207,1000000.0,28781732.0,8025835.0
54,A Fish Called Wanda,115418,22511610.7838983,6666015.214285714,6782896,7803678,8898663.36793893,3225588.4967992883,506626.1651643646,74312.1515967906,46418.4195526791,1401322.8381757406,325700.0,2885210.4,2854345.7699828125,3162277.0,36173068.0,2972145.75
55,The Witches of Eastwick,9454238,25191521.30803572,12213113.107142854,9107424,10935042,4504064.951582142,4133723.00190256,10583783.880171366,612313.6966761843,72333.22133821096,3234440.6475707917,9446116.0,2885210.4,3451294.921825977,10000000.0,19681050.0,2288516.25
56,Ferris Bueller's Day Off,6275647,14643464.703030301,9699658.738095237,7351165,7444780,14216908.427319927,5587505.684828216,17603647.974498324,612313.8571521058,46083.01021561555,3166940.9018309345,6237049.0,5755499.85,4045691.703070514,316227.0,24643840.0,904340.5625
57,Back to the Future,11152500,20241152.141472865,12478450.690476192,15328460,16510414,32905371.65186864,8009240.5438275635,32022770.37971098,1835.3905499864609,243276.30749853962,4909985.94452735,28626522.0,2885210.4,7490744.67648776,3162277.0,36127972.0,1897985.75
58,Police Academy,8570007,23942504.5997807,9937329.351190476,11486010,8301360,5862876.164630097,3579975.352270002,8245342.641173112,612304.7173301213,45559.84213110619,1700059.4839853668,2406449.0,2885210.4,4150030.4064382687,3162277.0,25023222.0,2209866.25
59,Trading Places,7348200,24432279.56881721,8151245.321428573,7998751,11525206,9522963.571277514,3741342.9930927055,4927893.514079952,545299.7022299884,42890.76537986945,2562062.728916094,11226130.0,2885210.4,15597778.956030956,10000000.0,30571472.0,3299870.5
60,Star Trek II The Wrath of Khan,14347221,25462525.16875001,16546410.690476192,11869027,11915353,9061066.87807656,5566638.8026284855,14898417.22324334,9774.032705517851,101336.28086586473,3119306.5681772437,14484596.0,17734825.0,5253508.215007138,10000000.0,32796214.0,1808799.5
61,The Blues Brothers,4858152,26661516.19528112,34652649.291666664,5123339,8181580,4943048.876668531,9767018.896792946,701839.4399284024,46780.67164551248,43732.78668573975,2366136.9483949626,3819557.0,2885210.4,11264108.771125484,10000000.0,44777300.0,5174484.5
62,V For Vendetta,25642340,14631070.083333336,29308250.13095238,29396041,14665823,47284415.85963675,19193683.652237225,23300358.09782319,7721.55720066097,597809.9890571255,5032598.990312587,47966724.0,189988286.9,20282930.243303265,31622776.0,11721054.0,11414400.0
63,In the Line of Fire,15269388,20600210.69607843,10366192.00595238,16662296,12818062,9454700.85422441,3387359.625087677,9440220.616028337,73077.20790698621,51172.803599380924,5815371.084520289,15270211.0,2885210.4,13623538.783644615,10000000.0,10031363.0,3282642.0
64,Us,71117625,56958543.98484848,8474727.88095238,14107178,7967480,38071200.24561183,9833183.515421296,16837852.223221693,415904.35962631117,596512.4423597908,18736573.80085333,77346266.0,189988286.9,0.0,10000.0,23285034.0,5086934.5
65,The Forbidden Kingdom,21401121,16903135.802721083,21282347.410714287,21220750,13873269,20749903.677523807,4132437.9910606495,11989673.02784856,260803.75206185906,253989.7266430107,5014840.524063683,21692555.0,3358.05,19367331.00600156,316227.0,6192980.0,8571439.0
66,Rumble in the Bronx,9858380,16427223.15616798,23647908.06547619,7166613,7532832,6720287.195869693,7784042.526009242,407050.36284737685,612370.0453414947,266453.8417985177,839216.8907396719,5275215.0,2885210.4,7963597.318495687,31622.0,11044020.0,252698.5625
67,Machete,14102888,33952142.04545454,18815339.49404762,15069279,11033867,18442102.983462367,6026818.84538662,7675748.436128024,612157.8612825937,190477.34562709945,5714507.980859048,11501955.0,3358.05,7064158.399725821,10000000.0,5433005.0,2908008.25
68,Beverly Hills Cop,15214805,23105372.52380953,13059922.428571427,15058056,8974823,9994412.68832239,4372127.189377295,7436006.592997593,1934.1818283487287,43561.22405413947,5351979.401739052,15270211.0,2885210.4,3617280.7841230487,100000.0,25812128.0,4068868.25
69,Watchmen,55214334,47616173.22463768,30321978.52976191,59226950,8271246,66978367.87173484,11565598.566051845,47510784.93098648,60460.29830427372,700509.713414948,14591524.061934687,6898885.0,169284.85,44836444.60938221,10000000.0,50762664.0,8706611.0
70,Jackie Brown,9292248,23560060.46604938,18865492.023809526,10194001,15652509,13290811.827087542,4232766.462160927,9803821.046643557,7844553.941608695,59925.245944299655,1631081.5164588084,9186081.0,169284.85,2879156.770259661,1000000.0,11576789.0,1793582.5
71,Zombieland,24733155,29849546.232558146,18469086.851190474,29653010,14222425,36094876.65225808,7697977.23233487,20338200.89633899,1398698.202682705,320713.9278618131,9996142.128380436,40341208.0,189988286.9,7612279.788451628,31622776.0,83658200.0,6032001.0
72,Mo Better Blues,4387360,31399099.28440367,15966604.970238093,4184150,4784635,1503147.0247292968,5340810.9108371,1463716.2850440503,484516.323243952,48604.44913844486,708500.4521894228,1200727.0,14589.95,3157045.5122224945,100000.0,16848092.0,3710611.25
73,Thelma and Louise,6101297,16658991.18085106,7953991.833333332,6834321,5810787,8808045.947777484,4612302.875918704,6362079.088219324,603813.2693787552,209619.0184914185,535458.5484374643,6089290.0,2885210.4,6110384.380347707,10000000.0,22672188.0,3004123.25
74,New Jack City,7039622,23293666.19627193,20555766.684523813,5269136,10756378,3125924.6191970143,11284526.279580966,2078366.743387208,612312.2345282855,61220.61094784957,1368834.2337713856,7058766.0,2885210.4,5495627.8399460185,10000000.0,15429576.0,3927989.25
75,The Lawnmower Man,7751971,43861728.86827956,9782964.67857143,5166923,3791406,4701997.39539534,3167728.695058211,161853.59517880742,611911.6466223705,56805.917348420626,1790481.901936433,7722249.0,2885210.4,6013148.043332936,100000.0,29936618.0,4199193.5
76,Schindler's List,656636,19833237.314102564,6874486.7976190485,5432644,6361702,39800954.76412661,5174917.279066228,440499.3629835358,14396.454261648565,29223.7478706764,981019.905873055,688732.0,189988286.9,7421291.8788770065,1000000.0,13607353.0,1111848.5
77,Four Weddings and a Funeral,138486,12906371.098348346,3753403.6785714286,4360336,8519009,3169000.4096367867,5148900.304482228,1511721.7734930078,77058.15908652967,39331.230136074715,270081.7517708212,6898885.0,17734825.0,5163976.959016772,3162277.0,22994316.0,2636818.25
78,Get Shorty,12700007,25268636.930735923,17104936.42261905,10569745,9868594,6809018.887060752,5328213.563179167,10202554.759219076,477899.26586150104,36107.795575729055,4449882.4586573485,12714249.0,189988286.9,8388871.570456559,10000000.0,12613754.0,3141189.25
79,Jerry Maguire,17084296,22286019.57876712,13963829.589285715,17728780,14579036,19066746.264800526,6051596.874153532,13502776.797256935,14272.289770894973,48467.279876199216,3144844.8405087623,17234170.0,189988286.9,14278107.994599964,10000000.0,12202697.0,5088175.5
80,Welcome to Sarajevo,66920,16788654.35333333,4704052.6190476185,2126391,12447480,0.0,3104262.421505845,82335.04909681418,2147.5503665063447,42825.82726361867,99825.81619168824,325700.0,2885210.4,0.0,100000.0,18585414.0,3289758.0
81,Trojan War,217,13288726.008771932,10522510.351190478,3747549,5838435,0.0,5952497.269113994,100798.57773817373,2260.231110674464,119067.37783245287,996273.5490570776,7514115.0,2885210.4,0.0,100000.0,19103596.0,4977945.0
82,The Gingerbread Man,118278,18034756.416666668,24714215.31547619,3347279,13991323,0.0,2383475.8391299467,37125.40121341745,360828.1689351765,295826.7128964648,1465527.1657295043,9186081.0,17734825.0,0.0,3162277.0,20372530.0,2356163.0
83,Tumbleweeds,80030,19611290.651162792,15789195.702380953,3072936,6860224,0.0,4207293.931632147,70568.96404017354,229369.5836748621,56685.35850625335,40280.73177699194,6237049.0,0.0,1357206.205920175,316227.0,17974798.0,3804809.5
84,Turn it up,576820,33985526.609375,15647989.220238095,827690,9705966,1376519.5666922794,4721426.074206993,64655.16433022824,1838.499622799024,109626.14215758703,291316.1891598123,11501955.0,2885210.4,0.0,100000.0,12660808.0,3367154.25
85,The Adventures of Pluto Nash,2182900,33764891.885416664,11956064.083333332,3228349,5854834,7345381.343094285,3696907.17287678,8069520.9774919,77049.93459885626,135534.70480612046,3228814.246758164,5129953.0,169284.85,32873637.30315987,3162277.0,11662198.0,1811245.75
86,The Lord of the Rings: The Return of the King,72629713,41478360.39555555,99464940.14880952,65032281,18244720,79907561.04883146,13919536.023357833,34526929.38831782,113610.50753970926,298961.6635197628,16945306.227777194,77346266.0,189988286.9,30679236.576543193,100000000.0,50353584.0,10238111.0
87,Harry Potter and the Prisoner of Azkaban,93687367,15973508.25390625,81944827.17857143,86587641,13003335,71923390.67797069,4139054.1767419255,56921055.88874777,845401.5094250723,263662.6672829281,26802999.71865411,100762295.0,2885210.4,45314140.98169194,3162277.0,109554528.0,2400138.25
88,Stay,2188199,20969505.875,23880114.60119048,6388663,12238386,6589391.532771952,3588695.6155490805,7336095.827126285,299098.93969991896,466441.83260237507,2166564.9322713227,2206643.0,3358.05,15030998.650050504,10000000.0,6084536.5,2198670.5
89,Fast Food Nation,410804,25602034.826666664,4629278.964285715,1832222,8892087,1086049.4436333992,5140677.745300328,150344.50279810413,9369.897139671595,49342.71016420589,63489.26809011666,400945.0,3358.05,0.0,316227.0,4339934.0,2769394.5
90,Into the Wild,212440,17533787.899122808,21005632.238095246,4262354,8827681,19169125.025657654,5794259.294737763,474282.3257819176,23738.889709353512,132862.55367773128,358783.9306002485,215224.0,3358.05,5732723.464129617,316227.0,8134642.5,3095954.5
91,The Wrestler,202714,21769158.309523806,12467357.517857146,2710234,14311766,3516151.0163136595,3938555.3124333583,290387.9212797701,6501.053885276819,388647.3764447843,312708.3471607229,199198.0,169284.85,187627.4239881849,100000.0,5733902.0,9997523.0
92,Slumdog Millionaire,360018,19216168.937500007,8143137.785714285,25586755,8790041,18879082.664245974,8090445.9140926525,114218.25019346953,0.0,173850.60279842155,401261.6678126974,362207.0,3358.05,8061792.864218181,316227.0,7918971.5,2793569.25
93,Jackass 3-D,50353641,28094872.37318841,29909302.11904762,22033422,12717895,647004.0911614212,1760254.3951507334,9630714.78542816,0.0,149253.96480437578,2622791.482112376,52371251.0,3358.05,5641444.665572777,1000000.0,16584196.0,-1045766.9375
94,Skyfall,88364714,53114815.47333333,49601877.220238104,87089792,10069520,71976425.45591791,5567031.689419222,73257262.96182893,0.0,541813.1302176919,65773878.37700258,100762295.0,3358.05,64782132.29645989,100000000.0,59224304.0,3566866.5
95,The Hunger Games: Mocking Jay - Part 1,121897634,31318756.241319425,64879077.16666667,116150609,15102696,86966170.7900372,4662799.46681194,77306637.80866966,0.0,602749.7821346683,76348589.96843517,236658554.0,189988286.9,41347972.83935892,100000000.0,30788416.0,11082331.0
96,Jurassic World,208806270,79003612.1761364,115815863.71428572,160436048,22405756,131342256.75314271,6739733.84430101,67041423.74540739,0.0,384509.060651866,50205175.33207639,236658554.0,189988286.9,51387302.42971087,10000000.0,58873280.0,3533734.5
97,Shut In,3613567,22721915.38513513,8216249.717948717,4713132,12368205,6352448.866145208,5412297.6182881715,2223468.279486348,0.0,415567.76571351825,204359.4235789932,1395116.0,3358.05,-41628.120107496165,3162277.0,3391437.5,11420956.0
98,Molly's Game,1172036,20123873.144736845,10074555.57142857,5103051,12114715,2407450.1050844016,11740250.40339882,7890424.901906931,0.0,404426.1042711092,255725.6144335641,2302544.0,189988286.9,0.0,100000.0,510195.5625,11772292.0
99,Peter Rabbit,25010928,23227784.346774194,38617161.48809523,25964574,16337067,21790478.21439742,5563274.226814813,18246598.393593006,0.0,1369419.7851950028,3207472.8512867307,24951561.0,189988286.9,0.0,31622776.0,13551978.0,3049498.0
100,BlacKkKlansman,10845330,36401764.943486586,10074555.57142857,5103051,8694839,2408539.2300844016,5060479.005666747,2933118.639007929,0.0,540284.6430927806,255725.6144335641,2302544.0,189988286.9,0.0,100000.0,524981.5625,7961809.0
101,Replicas,2375325,33728040.86507938,14122628.125,3679332,14365010,7679964.892888325,4748365.503874122,12455817.00314124,0.0,434168.3081362953,1006930.6109338156,24106482.0,189988286.9,0.0,10000000.0,6594366.5,11657064.0
