,name,ground_truth,meta_res_log_g1,video_res_log_g1,meta_res_log_g2,video_res_log_g2,meta_res_log_g3,video_res_log_g3,meta_res_log_g4,video_res_log_g4,meta_res_log_g5,video_res_log_g5,meta_res_log_g6,video_res_log_g6,meta_res_log_g7,video_res_log_g7,meta_res_log_g8,video_res_log_g8
0,"O Brother, Where Art Thou?",195104,16.151910204325947,17.200359962906617,15.64352432565411,16.505886010230284,16.31024306576532,14.675373155238105,12.607187480507605,11.531967749308274,14.473543121915462,11.748530221183596,17.024596942235775,14.805091676431573,16.005774261208373,12.164953731933814,17.225928730502616,16.0646837982205
1,The Twilight Saga: Breaking Dawn Part 1,138122261,17.74979813415782,18.199954284169507,17.464208385395366,18.67055687838439,18.167212864358863,18.705091939180168,18.492414582006138,18.743619389507792,18.700475025406874,18.74266661653155,18.405935505280095,18.743625494963702,18.407375918241826,18.668495537872516,18.73440506538643,18.69799975362637
2,The Twilight Saga: Breaking Dawn Part 2,141067634,17.90107798801523,18.349145830907354,17.350874255644428,18.715088056197843,18.06781684181336,18.74474659685016,18.459751150290785,18.76468234962204,18.71125046410327,18.763666153585728,18.37558840489258,17.70571023541509,18.440369706945802,18.51093140961023,18.75530259824306,18.732840227791623
3,Helena From the Wedding,2692,16.240528196673647,16.870886038571406,14.252491128856391,16.307330919539712,7.898411092811599,15.345351497849725,11.649425494337134,6.47307867197403,6.778931412701423,10.501171994341547,9.860162427797754,16.690889031777694,7.898411092811599,8.89686174448039,14.208677350860148,14.448719818374213
4,Monsters,20508,14.57412174644532,17.388208170076798,13.6711701001655,16.116590618965642,13.68383707182131,15.620396191304208,10.05289778928077,9.318433441273196,11.066018865786624,12.210024405981246,9.747944236774778,9.749808844645923,15.077146783768045,14.960296893336016,15.234342956179534,16.226380925336475
5,Catfish,257285,15.29512630120239,17.075354056731218,15.297799637265895,16.058115152899628,11.263599094397163,14.877801030111065,12.178173689844337,12.34009290638603,11.966897719889431,11.432623953769367,8.751632702472298,19.061117852758983,13.545614181557667,12.418300840503866,12.457943585596333,12.457943585596333
6,Red,21761408,14.952466565142894,14.39570172893166,16.80608545508609,16.261846063583373,16.55348524948303,16.895648729693946,15.696791355203908,16.867107738229755,16.451932749592,16.884169013117184,11.139743599782216,18.940824101890765,14.897905243164885,16.28033430618293,16.418940635917135,16.730655114937687
7,Freakonomics,31893,15.307289328852512,16.99761554425056,15.72130456451765,15.721146776570492,10.370173183307918,14.823331723350261,10.545974522272509,13.207361320126395,11.204218610660286,10.208700198950039,3.688879454113936,9.654362511511163,13.443891197342696,14.956666558146953,15.66644285056117,15.688246068405347
8,The Warrior's Way,3048665,16.459110623864028,17.225684514472714,13.330437147814784,15.462527452032266,14.671438945036256,15.48649401975674,14.542741270926392,14.706012655800992,14.827072613864866,14.782734009715732,14.867256580583543,14.929112587017464,15.981043537366162,15.75444442928294,12.618912162390313,15.398199176788788
9,Stone,75766,16.727844657030516,17.02634232710402,13.926375496452346,15.630375690187115,13.208015929638707,15.280758398757428,11.83176013772969,11.109267362585499,13.062279739359825,12.77775228070796,7.5400903201453255,11.190085189518166,15.770710289312316,13.736721647292011,15.788703272888114,15.594397784208546
10,Frankenweenie,11412213,17.30882093342684,15.531196734747846,13.070179159946866,13.99254231507179,15.277750982214801,12.734357404398148,15.044920660440084,16.242359913291587,12.926790436921005,16.246872938049822,11.404705308879834,19.00052525830681,13.63241642401578,14.160669243625215,16.03297200925655,16.155350846005433
11,John Carter,30180188,15.017198495039393,15.097813880334867,14.617278932388215,17.010008112831294,15.79264421249309,17.11506434143626,17.35152145089615,17.20622166020828,14.742893725535911,17.217075461637258,17.669185526937877,17.22258500082039,17.880111474667775,16.8202119385545,17.181509858163956,17.13590430919125
12,Dolphin Tale,19152401,14.862355373423787,15.335166083887419,14.891153049143462,16.196133704500912,13.694387203568592,16.31887095564414,16.076107421740822,16.75603294402373,16.64030229910566,16.76181253835573,15.037037581457238,18.95621392790433,15.920209042487375,16.029526916462224,16.580071928303642,16.544099765495783
13,Penguins of Madagascar,25447444,16.512567780893082,15.888732991494686,14.418321020529824,15.864408223626668,13.388029316487925,16.615685193324413,16.153318134510563,17.02780812977782,16.33709809033711,16.942073982577178,16.929882433550233,18.918669388535964,16.577619707004235,17.050882490790148,16.213556637572545,16.823762852936245
14,Minions,115718405,18.2847882291326,18.37836192375209,16.38889416996924,18.344499379189607,17.276980929933732,18.566670263348925,18.190459210739466,18.561491093220265,18.243591221073228,18.564442915089185,16.520630536822132,18.123216082964554,18.31068156523296,18.24746516164305,18.231148887309352,18.549600601023
15,Proud American,96076,16.083050339527425,16.899089775990802,15.595374724440331,16.64401536364328,15.00412514213308,15.44477496003904,11.517767049903734,11.906658638227105,11.189104224223756,12.36519518320154,7.77779262633883,15.548832828408274,11.47290523228637,17.266345395536465,14.436430400714796,14.708595608717332
16,Edmond,19253,16.133821550643045,16.813640128498378,14.804563900255909,16.26541470542519,9.865474110337912,14.67576724422043,9.523805964700866,9.198723951518431,10.334054343148098,9.831233786601981,11.20287507665644,9.67381963878131,9.865474110337912,16.11616859537884,16.216667415099888,14.752312587537038
17,Tootsie,5540470,13.53210392010432,16.663094341432284,14.26516669900408,14.965306651692865,11.735479734512255,15.527590073160178,14.260013819030062,15.410480615728295,15.412844374557586,15.520595466769965,11.289544385448428,15.526983794730151,13.243959315274735,15.310554161516194,17.076493733328693,15.169577396474107
18,Waterworld,21171780,15.316795058233454,15.375030125071836,13.629460458787172,15.931846069566998,15.083520754291186,16.58942852466331,16.232683095744452,16.860453568060116,12.882683691047777,16.85159548965281,15.384266257774842,16.721677501419602,17.407475376565486,16.16220793852273,12.2769271164984,16.822198668438155
19,The Lion King (2019),191770759,18.858562325435386,18.946515939349453,18.145631987387127,19.03297816751206,19.068412420864032,19.030927759995276,19.01201560118432,19.000460655125178,19.047013547007516,19.070828724302824,18.55542572238365,19.07179374741845,19.07181125832262,19.0712896663872,19.060781585228536,19.065588451934424
20,Crawl,12005210,15.619502229257947,15.821021673097013,14.647174122905287,14.53442050999757,11.422976861979478,16.30085136349303,16.02215042416408,16.278314555307883,16.141777492118486,16.26240508166713,16.308821211644712,18.997199035759586,16.30085136349303,16.791935998295887,16.226634260496596,13.299689142653213
21,Stuber,8225384,16.96861787306099,16.621289440271152,14.529077332320169,15.36469897821202,14.995597860941686,14.769648221374837,14.782668782546448,15.918649595991551,15.85698999431384,15.856929492434812,16.307265372122753,15.490768907031068,15.922735662030867,14.389095182961068,15.790456305492963,15.562882090236114
22,Midsommar,6560030,15.330745328315894,16.307919299560446,15.428276326936231,16.420931029933335,15.663493746155696,15.696505886518862,15.434155005857606,15.689765139484004,15.643559600971697,15.672934603086546,15.78509258978324,19.02733418388949,15.696505886518862,15.694980340424662,15.534890075573836,13.745361125060793
23,Spider-Man: Far from Home,92579212,18.084651625639733,18.178953953832426,16.095903108087633,18.146200226244364,16.634674323225774,18.343575192775162,17.608681567678797,18.343481303584973,17.51114373597059,18.334703385542653,18.78587469885489,18.394429945996464,18.343575192775162,18.229268548224226,16.261223487568017,18.271191226509625
24,Yesterday,17010050,15.623101642413154,14.844773733278098,14.482982943750805,15.337515186236613,15.714459656088744,16.64931496260388,16.453284303918,16.615478739283592,16.47596796979017,16.631037692296793,15.35934399466635,18.96867635206397,16.64931496260388,16.6434187368371,16.57161312732191,15.620801068356677
25,Annabelle Comes Home,20269723,16.527778081030558,15.932204466021318,15.44444418785745,16.39689360120443,12.409062346706762,16.824638902153932,16.594928473374267,16.824016357246727,16.605042726157812,16.79339445588234,16.814810758888633,18.94965212257092,16.824638902153932,16.144710707152186,16.025046373387283,16.455002007621506
26,Toy Story 4,120908065,18.4195023980707,18.46742949503973,14.86779335252965,18.50219035058797,18.119793112020652,18.610541029654048,18.44724514331735,18.609372773324953,18.59521907744652,18.60801811868666,18.340354722816027,18.586388855199576,18.610541029654048,18.61053841609464,17.999051344768414,18.57619973507175
27,Child's Play (2019),14094594,14.561718515529408,15.206574240010287,15.458795927277624,14.802581416566143,16.081818447791463,15.99404888426088,16.23451391679291,16.461275533784853,16.38814156301797,16.445266350695945,15.895615004873877,18.985390358581913,16.46130194852406,15.225178369279371,16.413541849736415,15.620561634445705
28,Anna (2019),3600647,15.575935783686091,16.597484277480486,16.542018626368964,15.982665428124802,15.096624387228283,15.096624387228283,14.66358471262776,14.935818907421412,14.566986280410008,14.967903181997038,15.811592093732582,19.043339153833,15.096624387228283,14.771271202708114,14.431717567170315,15.238428392135186
29,Men in Black International,30035838,15.702646359209702,15.544568585439336,15.160600559805156,16.640616300533498,16.355568475968173,17.21790185995316,16.619473843594516,17.217889309302528,16.839297378082993,17.209888024066874,17.137037732010576,18.89038714090396,17.21790185995316,17.217568868920427,17.40309331126144,16.945434877738133
30,Shaft (2019)Â ,8901419,15.518792011360743,17.355057481296278,14.844480478553894,15.20454815297509,13.851725066776178,16.00172137253733,14.809496787236178,16.001213820870205,15.338777759680926,15.926265098139815,16.249687351095098,19.014487412770407,16.00172137253733,13.90953081526708,15.83019442115999,15.360129696660378
31,Late Night,246305,16.365768118306235,17.306877722575322,15.295725269887082,15.338222798045836,12.414329944347847,12.414329944347847,12.270689717179707,12.807903538822368,10.438924127821661,10.973112135800166,11.486335052696695,19.06117572249103,12.414329944347847,12.372882854304187,13.389799469918673,15.535881610104411
32,The Secret Life of Pets 2,46652680,16.16300029610728,17.140193546728124,15.339110150562634,17.182225598635625,15.911873493692555,17.658240954131447,17.33183109254142,17.65819866452907,17.36168657925826,17.61463955394224,17.806522472938774,18.780699346927626,17.658240954131447,17.416997135053972,16.211771495964793,17.483623408556213
33,Dark Phoenix,32828348,12.754580024135064,16.069223219483973,14.421943408320914,16.796017563112272,16.223027837494946,17.306802998843743,16.18992574236514,17.287982374906168,16.09505852014882,17.284889500109973,13.471472573111525,18.87277457024163,17.306802998843743,16.94351369876438,16.460999801260947,16.904543038133724
34,Godzilla:King of the Monsters,47776293,16.825523668455435,17.34869299179646,12.171967624880226,17.101823100139338,16.453054413655114,17.682040133019463,16.673764722056475,17.681505335612542,17.355814929091224,17.62938839275328,12.157050454444578,17.681969843598964,17.682040133019463,16.597648416728152,17.669043708136424,17.610865777488783
35,Rocketman,25725722,16.33079592920045,15.850480530282528,12.82928812117981,16.39095602267771,15.085854849197911,17.06300194424572,16.60314826570474,17.059540987334845,16.96794896067575,17.035702785735854,12.416045847290995,18.916976717121074,17.06300194424572,16.570808337236286,17.01996469846082,16.81931337687925
36,Return of the Jedi,23019618,17.735822830388333,16.957339940218166,15.582059051108146,15.967578877156171,15.69927865002324,16.951857410295673,16.929981681201596,16.927124403581306,16.58377078802108,16.932731506778882,12.268765714868596,18.933316747391714,16.058721333779964,15.967640019357605,15.526337409777662,16.80360156123167
37,Indiana Jones and the Temple of Doom,25337110,14.961905031305802,14.625006463862224,15.074990914207168,16.814218798931254,15.822213190938266,17.0477807168865,15.68980976961999,17.023346271533068,16.43180336959161,17.042239455884108,18.13865180903221,16.926885827811912,16.46161937691031,15.653782520071651,15.378572120633526,16.984906832090715
38,The Idolmaker,318403,15.368323157712062,16.425283877407523,14.102441348274288,15.321679543620482,12.671076295687525,12.671076295687525,11.362726570196704,12.648329609191736,11.453982812548375,12.411396842085965,8.895355616996392,14.758173817410412,12.671076295687525,14.860678116759315,16.83335768551753,14.735989208253528
39,The Grass Harp,117161,15.831320260996508,16.854830700699026,14.382626151915494,16.471303210461542,11.671312871468553,11.671312871468553,9.179125032750457,11.456108677718685,11.917181098955712,11.21386048910985,12.96352472619042,16.684412649826985,11.671312871468553,9.750452916367069,16.92375448671848,14.864819413262847
40,The Grand,26334,16.765416181798866,16.887770870972307,14.417400086127026,15.938765974024914,11.021907046360376,10.17865413191749,9.050099705828227,13.269249092527758,10.964603848699124,10.087261440957356,7.7160152666425885,14.865939588258364,10.17865413191749,17.26855510893028,17.32944272837368,15.742970471971484
41,Jaws,7061513,12.974433212770805,16.589317504628628,15.104831632083421,14.720794941595118,16.105192824405698,15.770170034070894,15.720947681548564,15.765019636304288,15.511858777765225,15.753929659010105,13.401111157660804,14.082490423369315,14.94527237318834,15.75590753739029,17.19291129886673,14.48919506343774
42,Superman (1978),7465343,14.923964954200738,16.787888079534664,16.349622206500868,14.324488475772474,15.04720205490797,15.825782069608367,15.751840950367944,15.824526485441654,15.144740907259227,15.772823089135885,10.794932160037579,15.3372387259706,16.054332855104715,14.745569274663474,17.305451210466185,15.668323615812874
43,Clerks,31665,15.934212934760351,15.969334261251724,15.586246745200244,15.691770170338692,15.432241996721366,10.36299882906138,11.975204853477841,13.127147324583635,10.896601659248333,8.030593363487965,16.206943266030432,14.864073129559126,14.529961242217018,3.7841896339182615,17.391063406769042,12.527140910320325
44,Juice,8085915,14.840778903047312,17.67015361261951,14.964740863071091,14.540879980949088,15.096669877741213,15.905634340803394,15.799136453091904,15.854590294832597,15.864455729868135,15.897149490302818,15.137322129726885,15.46430486665398,15.003598392314885,15.409558449220295,14.950141001167443,15.090585048663206
45,He Got Game,7610663,16.499503110756322,16.65542759153445,11.508796954386446,15.390866419675099,13.028334598950876,15.84506097964516,15.315405509309695,15.835688326246894,15.680726829026087,15.754991451350806,15.673360000455418,15.822566759254105,14.58725070751271,15.840897364406993,14.755129850581715,12.510656081857086
46,White Men Can't Jump,14711124,12.307605496803994,17.041876393294288,14.274232032372868,16.039634525257725,15.654741695370667,16.504114568239277,16.220910313918033,16.503473415956158,16.447529307612967,16.501569744873205,15.063977167455507,16.503122313080436,16.067282294563586,16.482384396209632,15.99280115604469,15.099844173209698
47,Mulholland Drive,587591,15.295864533707931,17.024672986535368,15.289582939627511,16.709300356586937,15.182092350500504,13.283788108485295,12.55415757123098,9.289403274686792,11.882383736766574,13.059376988384116,12.99148446384483,19.059375418223734,15.743064578028982,14.761238531293705,16.366997549205287,13.937640354972675
48,Blue Velvet,789409,16.596107568568495,17.083901103495062,14.63988641944198,16.432624234207605,14.097327704578175,13.579041109979649,13.270837494536062,12.768536807400999,12.139868565979327,13.11992956622806,13.3699731742264,19.05830928908881,13.994186932069779,13.443591438326688,16.764872138067588,14.518083798307956
49,Once Upon a Time in Hollywood,41082018,16.9937284507461,13.745259538975112,14.895403052860315,17.18140022735638,17.508569162877293,17.305314889899535,17.352523330141224,17.519494958663458,17.460955313578264,17.523299066239428,16.216218870453858,18.81882760489398,17.531081089820802,16.06250291668455,17.520390467759963,17.399562062915006
50,The Big Lebowski,5533844,15.149443008817213,16.810332132521516,13.98826230316509,15.539516387540328,16.959536136534073,14.979791500448794,16.201300355127653,15.411849685515735,15.001294380910554,15.512646939329406,11.36913592269262,14.789554819894922,14.280223262504807,14.679061897723813,16.50868675413271,11.492258364124439
51,Train to Busan,284776,9.824835618360053,17.552138840141488,14.882436770012939,16.257405752138187,15.047345089288779,14.864002988190036,11.2906601702606,12.459978465624909,13.234541141311029,11.292485937247104,12.545422879598005,19.060972947649013,14.793511590511816,12.126904971569614,14.139422818711731,14.5718998728404
52,Pride and Prejudice and Zombies,5324240,15.758363646962733,17.054844117359707,15.09595039253416,15.208211602390698,15.948840823230547,13.986851709326208,15.641740819662376,15.487665345759991,15.026400852522444,15.413997690256753,16.748422460182287,19.034048774895965,15.646381539462462,14.586527625793812,15.039424362365375,15.415393163512965
53,Dead Poets Society,340456,15.530045933603795,16.755497299802798,15.951574606022415,15.883500529995663,15.911619015028048,15.125122318166074,11.978273183930593,12.338421645027086,10.86915794046702,12.288324374507368,15.785926542586337,19.06067939392205,15.633614774045935,13.399305482321939,17.163352063438385,15.854830380706996
54,A Fish Called Wanda,115418,15.695066933866364,16.924401582025485,15.712752385427045,15.855205178067456,15.988356643051095,14.950188426300429,12.876997645202625,10.623930014418768,14.066973960395778,11.141870195824024,12.256209521523646,14.834283290544391,14.823077442059233,14.929622110079308,17.400629632186707,14.865187734458498
55,The Witches of Eastwick,9454238,14.830333947204885,16.57154325163546,12.756546775548316,14.20809641678894,15.414933295223264,15.487080848737975,13.937327119271345,15.995015205393695,15.643248044966247,16.05429347504264,9.002454823050954,15.697876525648052,15.607760586544087,13.209940094559087,16.140523554688937,15.784819486453026
56,Ferris Bueller's Day Off,6275647,15.046323736474946,15.93990379954429,13.888313893735642,13.971773861772014,15.887582816468933,13.441750948971615,16.24278826921809,15.549523347919589,14.949717473656818,15.644817063251017,10.560981648381583,13.161868953826373,14.617492545454795,15.600483886671386,16.726131139892345,15.496581907521264
57,Back to the Future,11152500,14.09764101654254,16.022537285920606,15.244855069420543,15.494085464832446,16.89525638272569,14.960771180998034,16.85383628230909,16.22700975000347,15.646893712902903,16.205119291352055,16.676225936080588,15.927817395425393,15.11345346008894,15.893729352393287,17.03340482125849,16.040622125524546
58,Police Academy,8570007,14.128365628473931,16.548090665723773,14.885724743851858,12.501157251498695,14.811400269061789,15.42295301033756,12.690550265694512,15.889650983859198,15.742667170140557,15.958448846823842,15.634164928411062,15.55330608207037,15.301645184711107,15.503340154343546,16.61603151758748,15.665561222803786
59,Trading Places,7348200,13.596167676730378,16.65365762697178,13.385576512248626,15.245105519321813,14.592430973555418,15.098347593130029,14.699405150358935,15.732859740588992,15.3812344377736,15.804112071070108,15.170812321949803,15.311329637402599,15.92567284259419,14.79074958976503,16.960665480373002,15.213815131873565
60,Star Trek II The Wrath of Khan,14347221,14.60359998268316,16.223833560581586,14.723041030569078,14.704170655485838,15.480601719520454,15.988053386796198,13.219847961011677,16.4783854112794,16.233913684535185,16.471978701526595,11.830476971024286,15.03563373999968,16.02309393992183,15.285047578370161,16.73052040121897,16.34430828780772
61,The Blues Brothers,4858152,17.20983431334605,16.897574882602008,12.488194287401305,15.016507639214671,11.349204362193186,15.406553902267207,15.240139075918176,15.386492908739749,14.728602600122766,15.387126183360705,13.853380359046598,14.495036691829394,15.672739017047947,15.452923300371337,17.502366691545042,12.664552315794205
62,V For Vendetta,25642340,15.114587465667439,16.214429934976746,15.138253110985133,16.21126882171176,16.89014998051842,15.679382503965448,14.666508522590867,17.059454317870294,16.841274435063276,17.036166038742778,16.92119013675501,18.917484202461765,15.494364593551758,15.604004200179903,16.448929665493225,16.470718265289005
63,In the Line of Fire,15269388,15.405397998094163,15.489016323803972,14.146904923994901,14.712140068543947,15.57589771322347,16.290537680114287,15.578384903893294,16.536563311116346,16.06195038534936,16.538003702241472,6.714170529909472,16.33193029654228,14.313767657509505,15.477424974517131,15.471455267764087,16.299312180768116
64,Us,71117625,17.95296087484489,16.465866814689882,17.858745107247373,17.961025718713763,17.313423971799125,17.931036575621768,17.809662225213682,18.073980481919307,17.77405548464557,18.071422706033484,15.644668889474993,18.593546593621664,18.07984576841032,18.07970514640577,17.683217806117902,18.00563021462841
65,The Forbidden Kingdom,21401121,11.684982768130492,15.3191403428615,12.102776663921224,15.834120432957866,13.386600229755285,16.664405246231546,16.057437481870274,16.86669259259476,16.61195504736721,16.86701486435122,12.582572275345322,16.87879698621504,14.525412094164574,16.864067465306903,16.537341500297767,16.367272028570287
66,Rumble in the Bronx,9858380,16.43942009874952,15.697848447459831,14.805708784755074,14.65946669816178,14.959126104795285,14.545152853101653,16.061666097721687,16.03970276832936,16.01486221693089,16.076432381644963,15.337900583651367,15.757580571700508,14.454615237742331,16.10061973277397,13.985794114572453,16.0778654018951
67,Machete,14102888,15.36571902984889,16.80367703519699,13.781324827982726,14.93686950203496,15.283204240785793,15.904415945179188,15.676040294951664,16.41751342528585,15.942358094285712,16.448291924455777,14.771381169253015,16.461652088837624,15.766938399414926,15.227201917682796,15.975365969197785,16.230967155881437
68,Beverly Hills Cop,15214805,14.583247252881147,15.881178746475756,11.962407458495168,15.646488015982927,15.46808330408505,16.19900064619715,15.866912566380332,16.53765245760103,16.104283358747512,16.53491240306358,10.92246121854402,16.32751307654913,16.266302289856757,16.53118535118114,16.176112074380526,16.226585662132806
69,Watchmen,55214334,17.030071345243545,15.843416904338039,15.2049542048738,17.66444655363566,16.280557542926946,17.59168489215502,15.857191828497811,17.82563755870619,17.51984031256088,17.81396490244663,17.69326194324985,17.82366250155898,16.155188177148304,17.62692474053999,15.30879008927581,17.65512896429014
70,Jackie Brown,9292248,16.07448278890121,16.473516751787667,13.712097034575189,15.66558012943637,15.201446061474359,15.436774770785005,13.145247617618079,14.18548323471592,15.851674943098027,16.038221335795335,11.572778024117087,16.026305325691474,15.673852119711714,15.930831781030507,14.641676124583373,15.830235762698244
71,Zombieland,24733155,15.650340555673829,15.44796010656029,15.408789819747483,16.1679072932413,16.245760601684932,16.650791103161563,15.295967873727509,16.96544170149796,16.50587283747334,17.010603481287173,16.563297621043322,18.923001097635762,16.655809107949285,15.745526779365845,17.891776787439536,16.744095844623338
72,Mo Better Blues,4387360,16.264724913156424,17.111782154807738,12.222000127079545,12.89238653222574,14.874762968556626,13.767844268390085,14.88834158595628,15.177216249510266,15.118113628451562,15.283098356006965,14.974475745260909,15.290907473662017,14.022781188587658,15.271181950105724,16.33809289784367,13.425056838063846
73,Thelma and Louise,6101297,14.432152343565605,16.172365553031238,13.504935086699186,12.579396720305922,14.811259191879705,14.213612037034387,12.471444261147257,15.519801223894007,15.532158376160865,15.589051571290238,9.393328373313297,14.983676147715995,9.114751991725504,15.176154748181133,16.62315822018076,14.946000882936614
74,New Jack City,7039622,16.419395505429712,16.603852370915998,14.386765207948539,15.12836207183967,15.179993362344588,15.261230064070148,15.41716954417467,15.676066776299699,15.550838778238358,15.758330564450645,9.859796863911397,15.23968160443659,14.24988387488188,14.900827858644293,15.942545714900994,14.950658467765768
75,The Lawnmower Man,7751971,14.524036220456395,17.40207371553208,14.765255021257586,15.191897502310177,14.930643822189802,15.33813561296246,15.842357749358325,15.781231787134054,15.600831024246244,15.856102908212792,10.299676435863896,15.397939304669515,14.368719555703187,15.850473950361511,16.914911076092757,15.083240531376756
76,Schindler's List,656636,15.642935034903646,16.769201464391493,15.37911581847491,15.556865285293489,17.482765880835743,15.323642452824688,12.28367069214478,13.372718194331824,12.689686070772975,13.349360696812939,10.376517846806717,19.059010807168022,15.727222098252973,12.746549300294216,16.3766617885883,13.028521818647986
77,Four Weddings and a Funeral,138486,15.100579917767735,16.362443677763228,15.255784215436526,15.941421000336291,14.92424326521017,15.427029364731672,14.132681119622353,11.02563472556828,11.78749761497619,11.50444732553693,15.726592617866212,16.68320148383738,15.430033909409193,14.922022230847116,16.944716828745705,14.731134367495155
78,Get Shorty,12700007,15.298235022135515,16.346714659021007,14.571756004241704,14.856286791480711,15.588934472418472,15.813171713066858,14.730782066919536,16.318757060988695,15.925738975327524,16.35426600025485,9.564020836934588,18.993287671285163,15.27671210007228,14.808765293933131,11.36505171062983,16.072974715677724
79,Jerry Maguire,17084296,14.953493359691471,15.464500778330937,13.376206827234835,14.7339034786903,14.499844649490633,16.216374159625627,15.091297905881564,16.652834542351833,16.450233662631366,16.650829314678493,11.917556892329815,18.968247038299086,14.847337894967012,15.773391202471853,15.400983592944543,16.30009394717587
80,Welcome to Sarajevo,66920,15.349606978797901,16.632219949310073,14.537960197232955,16.331638139218267,11.111268098204892,14.926493816826829,9.643164394885071,11.07865107050078,10.401435094373513,10.089766798020776,12.463737423148745,14.85164137276606,11.111268098204892,10.406714378426786,16.73428052038133,14.98577320609035
81,Trojan War,217,16.169006835714377,16.402410310692552,15.136554944923901,15.579936342539472,5.384495062789089,15.599285110614073,11.518734338132619,7.622777012776557,13.811560315075312,11.685629065758187,15.832265063449988,14.87503351684793,5.384495062789089,11.510763128805545,16.765375840711478,15.420484320893841
82,The Gingerbread Man,118278,17.018091878143593,16.70123148508653,14.987683669127028,16.44545837885063,11.680801519415965,14.633173100741498,11.304098919298706,12.398967973019312,14.113576158808913,12.087005921340722,16.020240675907502,16.68434924554431,11.680801519415965,14.928682997963715,16.823875354156087,14.621042228218807
83,Tumbleweeds,80030,16.569754966328563,16.787526901440305,14.911755713849569,15.729516420564936,11.290169338597286,15.233125501399828,9.155042856630551,11.913984772944598,10.590371867808342,10.058165585877218,15.6331034522233,11.290169338597286,14.060162892748515,12.372425715309044,16.70001899346525,15.130518481885085
84,Turn it up,576820,16.52829421989301,17.324327130836313,12.432694141776215,16.02698281994797,13.591992644950814,15.237318546933222,13.1464037493706,13.262094885189756,12.562014158514824,13.054501704105132,16.206576747381035,14.652061476287837,13.265287272057119,13.074896437387546,16.30739191119368,14.841672307869082
85,The Adventures of Pluto Nash,2182900,16.095150930954972,17.268097670735337,13.859957972699569,15.11622932904079,15.456928096021711,14.23027111116627,15.588192872850618,14.560230249992594,13.860402894280398,14.532064791084515,14.896316585270991,14.515442743231945,17.239471483105508,13.794672955265778,16.06462092634945,12.825721956247664
86,The Lord of the Rings: The Return of the King,72629713,17.105226065468962,17.254368256649908,15.843320985043842,17.811598828185545,15.800345916190519,17.888123659489395,17.455797924347007,18.099319212297925,17.835210733433087,18.096759940215858,15.36658900617432,18.580744548746406,17.55200037158643,17.12496860343136,16.919026259551845,17.948941256976973
87,Harry Potter and the Prisoner of Azkaban,93687367,16.278728773260347,18.16854417454153,15.77556689056807,18.2060512574063,16.8957667445928,18.31028885684936,17.420092552116166,18.346409320647425,18.018475839819285,18.35265567541499,15.772067966107533,18.324193605403746,17.694457057858234,18.321137618862647,16.57976224853365,18.329521464478894
88,Stay,2188199,16.892450242255194,16.748372671225788,15.250705791410935,16.123101898762055,15.297386319553013,14.152338171109687,15.454099000400634,14.451611644417394,9.982070783168403,14.358856517056287,9.822548610030776,14.59705404979948,16.368293951604375,15.871146225035384,15.175547823953938,9.25650805282119
89,Fast Food Nation,410804,15.254984474879448,17.042006548549065,14.16716622638845,15.953372411400313,13.422833004900378,15.369409279208467,12.470206486457505,12.902801162592821,12.75798953546002,12.797912999332752,9.19624144759668,12.917666019139295,12.925873928335399,11.457180169854595,15.183928839802027,14.67357517679873
90,Into the Wild,212440,16.85013624294568,16.667450339077703,15.214206451208158,15.969043518089393,16.75766725183772,15.53502549885501,12.475501610675199,12.147924914604369,11.893721652642393,11.284498560320475,7.932003152361385,12.250486342159116,15.523939950282294,11.55010563609451,15.885179944791654,14.874520767434984
91,The Wrestler,202714,16.322231251794214,16.88664920689519,14.734805173658533,16.462327206055743,15.013496883926413,15.13348386984732,11.381391177143936,12.186960904702055,11.608193345341062,12.133149075628559,8.165363632473982,10.417213466391813,9.62162690345872,11.539713441726613,15.525913359428976,16.09736321152078
92,Slumdog Millionaire,360018,15.867467944992926,16.752349781345654,17.04341502173135,15.947310176949074,16.734311335814947,15.86067490597027,12.412276526583504,12.793912086817373,10.627277118260636,12.134406904401807,7.691656822810548,12.784540889604145,15.856961491949153,10.68720643128046,15.838243444941476,14.70486257915726
93,Jackass 3-D,50353641,16.83321662370533,16.918246629454405,17.159086595121202,17.443464874799027,17.721649041682557,17.69899802210067,17.522301814031774,17.734581508177246,17.681088508179855,17.731612991901507,14.517424696200134,17.73451481663628,17.61575689337754,17.714522120512818,17.335066987133903,17.75513723108885
94,Skyfall,88364714,17.47297255643896,17.37797323691116,14.058396342594119,18.175996792539074,16.612077585547627,18.231910639623248,16.53069869250959,18.296983296341967,16.93305492286232,18.29083286593364,16.333012011560292,18.296945293460286,16.976018976487804,16.269553021367464,17.187636462955822,18.255780728978007
95,The Hunger Games: Mocking Jay - Part 1,121897634,17.858887348833846,18.321731617551173,15.564193061579175,18.486421095727092,17.368898534311644,18.57968962245449,17.61304253991786,18.61869219311481,17.63430021617198,18.613735206643266,18.55836157448964,18.03635052087904,18.20438447342131,16.901889198087712,18.32756955359755,18.523375445483076
96,Jurassic World,208806270,18.348006898332027,18.681525846029587,17.694394955084174,19.043408223087486,18.16532405418933,19.12410759298779,18.769680237623827,19.156917447046663,18.881902775513943,19.155074286284915,17.142425567650562,16.750323571612793,18.874421398568998,19.107841395954832,18.82569902558178,19.13984910051281
97,Shut In,3613567,15.342150108283196,16.76563593808174,13.910426114460517,15.985094289271151,14.823060682140985,14.402592317972731,14.144886043910313,15.1002062078483,15.041990733296776,14.978036245636346,14.612320213326333,15.099276486512695,15.111660307758624,13.019867643227586,12.311020325983273,15.870581279023149
98,Molly's Game,1172036,16.001845004878778,16.7574114845108,15.184408474606855,16.208181297534924,14.026917589046636,16.173361507584335,15.720359085860649,13.974253818586645,13.728111526464273,13.551038237554927,13.938178531747642,19.05628488794982,13.974253818586645,13.885071134942631,13.402781285836804,16.1763888040714
99,Peter Rabbit,25010928,16.426038663907036,14.393889022677204,13.768048860991414,15.975824693635948,14.985031903250885,16.783237043544585,15.727173865157864,17.034823447305882,16.89757905412515,16.978514590038206,10.99151063964997,18.92131880972305,17.034823447305882,15.7043739003967,16.2542817292846,16.904798336416953
100,BlacKkKlansman,10845330,13.555152337187865,17.056399738920387,15.563366901971285,14.58120721113391,15.948112672259526,15.570753333897713,15.883917992292547,16.199245222754765,16.17538345395285,16.148144270783447,15.960597859129498,19.00369469254186,16.199245222754765,16.189981892609875,16.149628177667314,14.874523021625285
101,Replicas,2375325,16.279134336059727,17.260811483651217,14.08095315641924,16.299557338170366,15.484092635540756,14.679683025308831,16.12611272845328,14.680645249189048,14.129149362499511,14.478795101439353,16.894257641194688,19.049891690763268,14.680645249189048,15.846900387751667,15.255118764532867,16.043559587186454
