,url,imdb_id,ground_truth,name,video_pre_g1,meta_pre_g1,meta_pre_g2,video_pre_g2,meta_pre_g3,video_pre_g3,meta_pre_g4,video_pre_g4,video_pre_g5,meta_pre_g5,meta_pre_g6,video_pre_g6,meta_pre_g7,video_pre_g7,meta_pre_g8,video_pre_g8,meta_res_log_g1,video_res_log_g1,meta_res_log_g2,video_res_log_g2,meta_res_log_g3,video_log_res_g3,meta_res_log_g4,video_res_log_g4,meta_res_log_g5,video_res_log_g5,meta_res_log_g6,video_res_log_g6,meta_res_log_g7,video_res_log_g7,meta_res_log_g8,video_res_log_g8
0,https://youtu.be/I1C2gCXo4Gs,190590,195104,"O Brother, Where Art Thou?",29708650.787037034,10539030.642857144,6416620,14932311,12313594.483064348,2557939.01129075,493800.75268028036,93182.52550500911,68537.60384756463,2126092.496363355,24951561.0,2885210.4,9132672.6700858,3162.0,30473006.0,9674998.0,16.151910204325947,17.200359962906617,15.643524325654107,16.505886010230288,16.31024306576532,14.675373155238109,12.607187480507603,11.531967749308272,14.473543121915462,11.748530221183596,17.024596942235775,14.805091676431571,16.005774261208373,12.164953731933812,17.225928730502616,16.0646837982205
1,https://youtu.be/PQNLfo-SOR4,1324999,138122261,The Twilight Saga: Breaking Dawn Part 1,57928660.79583333,86996548.19642857,99697664,9735624,60511794.66776276,5224333.1643500775,30685327.023200005,4201.326304038696,135733.81179562066,5836497.200746507,236658554.0,3358.05,39443932.77478983,10000000.0,1271020.5,6163535.5,17.74979813415782,18.199954284169507,17.464208385395366,18.670556878384392,18.167212864358863,18.705091939180168,18.492414582006138,18.743619389507792,18.700475025406874,18.74266661653155,18.405935505280098,18.743625494963702,18.407375918241826,18.668495537872513,18.73440506538643,18.697999753626373
2,https://youtu.be/Ocz50YJOFTM,1673434,141067634,The Twilight Saga: Breaking Dawn Part 2,47971257.57526881,81591958.53571428,106760145,6834581,70800353.0862472,2793798.8550658533,37083265.73401345,9544.956716142071,152814.8212450612,7348725.537366295,236658554.0,189988286.9,39079228.100007,31622776.0,1326449.0,4430376.0,17.90107798801523,18.34914583090735,17.350874255644428,18.715088056197843,18.06781684181336,18.74474659685016,18.459751150290785,18.764682349622042,18.71125046410327,18.763666153585728,18.37558840489258,17.70571023541509,18.4403697069458,18.51093140961023,18.75530259824306,18.73284022779162
3,https://youtu.be/gk39pXpBpFo,1394211,2692,Helena From the Wedding,21231846.166666664,11305119.777777778,1550717,12085943,0.0,4620133.312982538,117316.4911437731,2045.5259782146336,39049.089188593665,3570.128796134334,21843.0,17734825.0,0.0,10000.0,1484356.5,1886337.0,16.240528196673647,16.870886038571406,14.252491128856393,16.307330919539712,7.898411092811599,15.345351497849725,11.649425494337137,6.473078671974031,6.778931412701423,10.501171994341549,9.860162427797754,16.690889031777697,7.898411092811599,8.896861744480391,14.208677350860148,14.448719818374215
4,https://youtu.be/Ol6j9xlQN1w,1470827,20508,Monsters,35633039.48888888,2155815.619047619,886100,10005468,897134.1792767657,6099783.142253158,43729.984751967764,9367.485661479972,221298.91579039142,84467.36449876394,3390.0,3358.05,3551701.594737808,3162277.0,4152799.75,11164163.0,14.574121746445321,17.388208170076798,13.671170100165499,16.11659061896564,13.68383707182131,15.620396191304208,10.05289778928077,9.318433441273196,11.066018865786623,12.210024405981244,9.747944236774778,9.749808844645925,15.077146783768045,14.960296893336018,15.234342956179532,16.226380925336475
5,https://youtu.be/BuE98oeL-e0,1584016,257285,Catfish,26302744.67682927,4648541.986111111,4660297,9675113,179353.44170629262,3150273.7187382933,62788.674783788425,28602.802800712485,165002.1941575921,99830.56892675953,250965.0,189988286.9,-506172.6025618469,10000.0,0.0,0.0,15.29512630120239,17.075354056731218,15.297799637265896,16.058115152899628,11.263599094397165,14.877801030111064,12.178173689844337,12.34009290638603,11.966897719889431,11.432623953769367,8.751632702472298,19.061117852758986,13.545614181557667,12.418300840503868,12.457943585596333,12.457943585596333
6,https://youtu.be/-JZ_moituIo,1245526,21761408,Red,23547786.90208333,24878671.976190474,1864291,10215450,6305758.084522755,0.0,28323310.95074511,612312.6192431286,248386.37725376105,7798252.3668278335,21692555.0,189988286.9,18809669.41849161,10000000.0,8251410.0,3309929.5,14.952466565142897,14.395701728931659,16.80608545508609,16.261846063583373,16.55348524948303,16.895648729693942,15.696791355203908,16.867107738229755,16.451932749592,16.884169013117184,11.139743599782216,18.940824101890765,14.897905243164885,16.28033430618293,16.418940635917135,16.730655114937687
7,https://youtu.be/LrceH3952Hg,1152822,31893,Freakonomics,24129316.951111104,4476887.1190476185,6756637,6755576,0.0,2771517.316882146,69916.06479213982,576249.4134535524,59030.27030245162,105331.60235034944,31854.0,47481.65,721508.6878399523,3162277.0,6397643.5,6537961.5,15.307289328852512,16.99761554425056,15.72130456451765,15.721146776570492,10.370173183307918,14.823331723350261,10.545974522272507,13.207361320126395,11.204218610660288,10.208700198950039,3.6888794541139363,9.654362511511165,13.443891197342698,14.956666558146951,15.66644285056117,15.688246068405348
8,https://youtu.be/xrQt_pwGdB0,1032751,3048665,The Warrior's Way,33319173.55357143,17112406.98214286,2433014,8240134,5402222.3797926735,8366058.681043874,979323.9366496813,612313.3683778943,418035.76187124616,298772.85131328204,186021.0,3358.05,11767911.8581541,10000000.0,2746445.5,7916690.5,16.45911062386403,17.225684514472718,13.330437147814783,15.462527452032266,14.671438945036257,15.486494019756742,14.542741270926392,14.70601265580099,14.827072613864866,14.78273400971573,14.867256580583543,14.929112587017464,15.981043537366162,15.754444429282941,12.618912162390313,15.398199176788788
9,https://youtu.be/evhh3NE3fyw,1423995,75766,Stone,24875470.277777776,18475460.19642857,1193009,6216013,620478.871652233,4404380.914970619,213317.3894536561,8979.7573771922,430012.91813378857,546607.884767078,77647.0,3358.05,7141095.050678723,1000000.0,7269372.0,5999026.5,16.727844657030516,17.02634232710402,13.926375496452344,15.630375690187114,13.208015929638709,15.280758398757424,11.83176013772969,11.1092673625855,13.062279739359823,12.777752280707961,7.540090320145325,11.190085189518166,15.770710289312314,13.736721647292011,15.788703272888116,15.594397784208548
10,https://youtu.be/XBfcGLBJ2Uc,1142977,11412213,Frankenweenie,16972701.68253968,44306873.3452381,10937637,12605881,15727829.519453175,11073009.854442457,14831423.95659767,89063.40315049422,37846.25897573025,11001032.321102137,11501955.0,189988286.9,12244901.767671958,10000000.0,2228226.75,1032635.3125,17.30882093342684,15.531196734747843,13.070179159946864,13.99254231507179,15.2777509822148,12.734357404398148,15.044920660440084,16.242359913291587,12.926790436921003,16.246872938049826,11.404705308879832,19.00052525830681,13.63241642401578,14.160669243625215,16.03297200925655,16.155350846005433
11,https://youtu.be/nlvYKl1fjBI,401729,30180188,John Carter,26575255.50574713,33505912.80357143,32409667,5782277,37402199.50615723,3079645.4881602167,64509887.83122351,493133.70208534674,169161.31334058664,27652303.5378316,77346266.0,3358.05,88421847.61002393,10000000.0,59142612.0,2508945.0,15.017198495039397,15.097813880334865,14.617278932388217,17.010008112831294,15.792644212493093,17.11506434143626,17.35152145089615,17.20622166020828,14.74289372553591,17.217075461637254,17.66918552693788,17.22258500082039,17.880111474667775,16.8202119385545,17.181509858163956,17.13590430919125
12,https://youtu.be/AJ_1eS2Erhk,1564349,19152401,Dolphin Tale,23723050.45333333,16303753.089285715,16220526,8340764,18266477.32984996,6928901.153722812,9563591.32713455,226671.7319330416,116971.98389047275,2294968.089449976,15760038.0,189988286.9,10947773.18595922,10000000.0,3280325.5,3841131.25,14.862355373423783,15.335166083887419,14.891153049143462,16.19613370450091,13.694387203568592,16.31887095564414,16.076107421740822,16.75603294402373,16.64030229910566,16.76181253835573,15.037037581457238,18.95621392790433,15.920209042487375,16.029526916462224,16.580071928303642,16.544099765495783
13,https://youtu.be/retX8Wj7JdM,1911658,25447444,Penguins of Madagascar,17497043.47619048,40283451.35714286,27274690,17688102,26099592.635245755,8999926.161316734,15088943.572158545,611361.5928504079,2651938.695829055,12999101.866937518,47966724.0,189988286.9,41280645.33944355,31622.0,14445786.0,5195470.5,16.512567780893082,15.888732991494685,14.418321020529826,15.864408223626668,13.388029316487923,16.615685193324413,16.153318134510563,17.02780812977782,16.33709809033711,16.942073982577178,16.929882433550237,18.918669388535957,16.577619707004235,17.050882490790148,16.213556637572545,16.823762852936245
14,https://youtu.be/dVDk7PXNXB8,2293640,115718405,Minions,19861993.77553764,28424760.48214286,102608297,23053593,83854612.28399701,0.0,36282645.3583179,597775.9837141258,257458.359070456,31947927.257837214,100762295.0,189988286.9,26134918.897197697,31622776.0,32983770.0,1958511.0,18.284788229132598,18.378361923752095,16.38889416996924,18.344499379189603,17.27698092993373,18.566670263348925,18.190459210739462,18.561491093220262,18.243591221073228,18.564442915089185,16.52063053682213,18.123216082964554,18.31068156523296,18.24746516164305,18.231148887309352,18.549600601023
15,https://youtu.be/T1GO-Jlfa58,1008023,96076,Proud American,21932495.0,9751691.642857144,6025126,17016218,3378605.386157775,5196196.699408895,196560.33243439786,244325.49239349534,330571.32220894546,23739.045839034337,98462.0,5755499.85,0.0,31622776.0,1956713.75,2538728.75,16.083050339527425,16.899089775990802,15.595374724440331,16.64401536364328,15.004125142133082,15.444774960039041,11.517767049903735,11.906658638227105,11.189104224223756,12.365195183201541,7.77779262633883,15.548832828408274,11.47290523228637,17.266345395536465,14.436430400714794,14.708595608717332
16,https://youtu.be/JZVkLqcqmGk,443496,19253,Edmond,20067255.45588236,10177754.023809524,2707940,11606488,0.0,2383019.362435384,32933.583873496325,9369.492103443365,37857.89577456819,50014.58147301375,92593.0,3358.05,0.0,10000000.0,11055188.0,2571059.75,16.133821550643045,16.813640128498378,14.804563900255907,16.265414705425187,9.865474110337912,14.675767244220427,9.523805964700868,9.198723951518433,10.3340543431481,9.83123378660198,11.20287507665644,9.67381963878131,9.865474110337912,16.11616859537884,16.216667415099888,14.75231258753704
17,https://youtu.be/NgZI5VZvAy8,84805,5540470,Tootsie,22786530.239583336,6293682.440476191,7108242,8698018,5665395.361477528,0.0,7100184.2320892075,612289.4908637414,38618.19687015803,600626.6797031086,5620450.0,3358.05,4975822.1484275265,10000000.0,31615630.0,1667326.0,13.53210392010432,16.663094341432284,14.26516669900408,14.965306651692863,11.735479734512257,15.527590073160178,14.260013819030062,15.410480615728295,15.412844374557585,15.520595466769965,11.289544385448428,15.52698379473015,13.243959315274735,15.310554161516194,17.076493733328693,15.169577396474107
18,https://youtu.be/oEp382HIisE,114898,21171780,Waterworld,25928314.5,16684331.5,22002011,12871117,17618006.790550616,5150498.947260142,32385885.98295281,162947.12266709696,348223.2138462295,20778341.06546929,25972450.0,2885210.4,57477118.299729005,31622776.0,20957096.0,951459.5625,15.316795058233456,15.375030125071836,13.629460458787172,15.931846069566998,15.083520754291188,16.58942852466331,16.232683095744452,16.860453568060112,12.88268369104778,16.85159548965281,15.384266257774842,16.721677501419602,17.407475376565483,16.16220793852273,12.276927116498399,16.822198668438155
19,https://youtu.be/7TavVZMewpY,6105098,191770759,The Lion King (2019),22583629.84166667,36828618.36309524,115817251,7304309,650691.2193006747,7682152.898363656,11130950.969130803,13206221.30995978,188328.7608441432,4696997.856809297,77346266.0,3358.05,0.0,100000.0,2103546.75,1189647.0,18.858562325435383,18.946515939349457,18.145631987387123,19.03297816751206,19.068412420864032,19.030927759995272,19.012015601184316,19.000460655125178,19.047013547007513,19.070828724302824,18.55542572238365,19.071793747418447,19.07181125832262,19.071289666387205,19.060781585228536,19.065588451934428
20,https://youtu.be/H6MLJG0RdDE,8364368,12005210,Crawl,19435099.45588236,18079052.92857143,14302346,9953016,12096606.815980798,0.0,2920073.230820456,267533.1425541625,452795.7957253512,1765566.1729215146,24106482.0,189988286.9,0.0,31622776.0,858731.5625,11408201.0,15.619502229257945,15.821021673097013,14.647174122905287,14.53442050999757,11.422976861979478,16.30085136349303,16.02215042416408,16.278314555307883,16.141777492118486,16.26240508166713,16.308821211644712,18.997199035759586,16.30085136349303,16.791935998295887,16.226634260496596,13.299689142653213
22,https://youtu.be/i5l6a5RiR1E,7734218,8225384,Stuber,24765336.56751056,31634072.863095235,10266642,12933031,11480041.331849672,5628954.379868287,5594926.344839107,33540.894487472324,523855.58492590813,523389.6138289501,20307843.0,2885210.4,0.0,10000000.0,1019156.3125,2485888.25,16.96861787306099,16.62128944027115,14.529077332320167,15.36469897821202,14.995597860941688,14.769648221374835,14.78266878254645,15.91864959599155,15.856989994313842,15.85692949243481,16.307265372122753,15.490768907031068,15.922735662030863,14.389095182961068,15.790456305492965,15.562882090236112
23,https://youtu.be/1Vnghdsjmd0,8772262,6560030,Midsommar,18650392.63602942,2009541.6785714286,11576696,20096945,12907034.88917514,0.0,1513785.7701759129,44070.807556375185,152820.19043620588,338294.53014105064,13727709.0,189988286.9,0.0,10000.0,978966.5625,5627776.5,15.330745328315896,16.307919299560446,15.42827632693623,16.420931029933335,15.663493746155694,15.696505886518862,15.434155005857603,15.689765139484004,15.643559600971694,15.672934603086546,15.785092589783238,19.027334183889494,15.696505886518862,15.694980340424662,15.534890075573834,13.745361125060793
24,https://youtu.be/NtU5Ow74P3Y,6320628,92579212,Spider-Man: Far from Home,14052143.804166667,21118983.25,102359730,16582532,75816385.84889984,0.0,48182252.50768729,8691.779298727844,817712.2752013437,52308149.73139652,236658554.0,189988286.9,0.0,10000000.0,81040440.0,6464466.5,18.084651625639733,18.178953953832426,16.095903108087633,18.146200226244364,16.634674323225777,18.343575192775162,17.608681567678794,18.343481303584973,17.51114373597059,18.334703385542653,18.785874698854894,18.394429945996464,18.343575192775162,18.229268548224226,16.261223487568014,18.271191226509625
25,https://youtu.be/6uqvgPm8U4c,8079248,17010050,Yesterday,14211048.29957806,10914305.404761903,15060747,12428651,10331179.086089313,0.0,3028009.6430853195,565927.467543076,308073.3539171071,2707221.113819494,21692555.0,189988286.9,0.0,100000.0,1271667.0,10928313.0,15.623101642413154,14.844773733278098,14.482982943750804,15.337515186236612,15.714459656088742,16.64931496260388,16.453284303918,16.615478739283592,16.47596796979017,16.631037692296793,15.35934399466635,18.968676352063966,16.64931496260388,16.6434187368371,16.57161312732191,15.620801068356677
26,https://youtu.be/bCxm7cTpBAs,8350360,20269723,Annabelle Comes Home,11966084.538288282,5206330.589285715,25368157,7054321,20514733.97030149,0.0,4160082.9554587705,12614.886372684397,623524.7361852819,3996319.195708621,40341208.0,189988286.9,0.0,10000000.0,11158238.0,6263645.0,16.52777808103056,15.932204466021318,15.44444418785745,16.39689360120443,12.409062346706762,16.824638902153932,16.59492847337427,16.824016357246723,16.60504272615781,16.79339445588234,16.814810758888633,18.94965212257092,16.824638902153932,16.144710707152186,16.025046373387283,16.455002007621506
27,https://youtu.be/wmiIUN-7qhE,1979376,120908065,Toy Story 4,16122195.73563218,21025831.190476187,118043884,12415702,46891972.14710824,0.0,18216028.184749193,141169.13641861966,304655.8144127589,1838427.4936892756,28626522.0,2885210.4,0.0,316.0,55310356.0,4081653.75,18.419502398070705,18.46742949503973,14.86779335252965,18.502190350587966,18.119793112020655,18.610541029654048,18.44724514331735,18.609372773324953,18.595219077446522,18.60801811868666,18.340354722816027,18.58638885519958,18.610541029654048,18.61053841609464,17.999051344768414,18.57619973507175
28,https://youtu.be/ZFy8ZgLd574,8663516,14094594,Child's Play (2019),10075472.151041668,16203580.464285715,8922461,11411232,4450865.70802282,5261209.7090897625,2859938.1881535808,372.3001339944177,224212.75965670813,994349.047200782,6089290.0,189988286.9,0.0,10000000.0,657337.0625,8014313.0,14.561718515529408,15.206574240010289,15.458795927277626,14.802581416566142,16.081818447791463,15.99404888426088,16.23451391679291,16.461275533784853,16.38814156301797,16.445266350695942,15.895615004873878,18.985390358581913,16.46130194852406,15.22517836927937,16.413541849736415,15.620561634445705
29,https://youtu.be/WgWsV9a3ENA,7456310,3600647,Anna (2019),19751512.79129794,9415555.517857144,18880085,12334047,0.0,0.0,1265502.6101017722,534848.6048599995,434889.67506635323,1480521.5726553246,10960805.0,189988286.9,0.0,1000000.0,5452536.5,7749855.5,15.575935783686093,16.597484277480486,16.542018626368964,15.982665428124802,15.096624387228282,15.096624387228282,14.66358471262776,14.935818907421412,14.566986280410008,14.967903181997038,15.811592093732582,19.043339153832996,15.096624387228282,14.771271202708112,14.431717567170315,15.238428392135184
30,https://youtu.be/BV-WEb2oxLk,2283336,30035838,Men in Black International,24400495.93085106,23435402.380952384,33874369,13173111,42716242.37333401,0.0,13525888.072629718,376.9669561237796,239740.38137653944,9466803.371937497,57738462.0,189988286.9,0.0,10000.0,66182432.0,7163590.5,15.702646359209702,15.544568585439336,15.160600559805156,16.640616300533498,16.355568475968177,17.21790185995316,16.619473843594516,17.217889309302528,16.839297378082993,17.209888024066874,17.137037732010576,18.890387140903957,17.21790185995316,17.217568868920427,17.40309331126144,16.945434877738133
31,https://youtu.be/lD41XdWcmbY,4463894,8901419,Shaft (2019)Â ,43352724.57107842,14393357.398809524,11699600,12912406,7864541.75784303,0.0,6199436.23969021,4516.784213119119,646952.7373666402,4314231.992899068,20307843.0,189988286.9,0.0,10000000.0,1403063.5,4215233.5,15.518792011360743,17.35505748129628,14.844480478553892,15.20454815297509,13.851725066776178,16.00172137253733,14.809496787236178,16.001213820870205,15.338777759680926,15.926265098139817,16.249687351095098,19.014487412770404,16.00172137253733,13.909530815267079,15.83019442115999,15.360129696660378
32,https://youtu.be/DxefiCjQirw,6107548,246305,Late Night,33077106.1483918,13056706.80952381,4640193,4830947,0.0,0.0,32955.90856594491,611395.5922741317,188020.2955372241,212142.12330600238,148930.0,189988286.9,0.0,10000.0,899609.0625,5832905.0,16.365768118306235,17.30687772257532,15.295725269887082,15.338222798045834,12.414329944347848,12.414329944347848,12.270689717179707,12.807903538822368,10.438924127821661,10.973112135800166,11.486335052696697,19.06117572249103,12.414329944347848,12.372882854304187,13.389799469918671,15.53588161010441
33,https://youtu.be/mYocfuqu2A8,5113040,46652680,The Secret Life of Pets 2,18862493.55555556,36193399.79166667,51241392,17669519,38516158.025666825,0.0,12992332.758082995,1972.881612794982,1990414.4668722088,11972234.686972676,100762295.0,189988286.9,0.0,10000000.0,35670644.0,7474779.5,16.16300029610728,17.140193546728124,15.339110150562634,17.182225598635625,15.911873493692557,17.658240954131447,17.33183109254142,17.65819866452907,17.36168657925826,17.61463955394224,17.806522472938774,18.780699346927626,17.658240954131447,17.41699713505397,16.211771495964797,17.48362340855621
34,https://youtu.be/1-q8C_c-nlM,6565702,32828348,Dark Phoenix,23305322.94210526,33174480.57142857,30994471,13130548,21721996.082237586,0.0,22083621.336026527,612072.1540699728,711559.1350592447,23056087.02100167,33537249.0,189988286.9,0.0,10000000.0,46918684.0,10872524.0,12.754580024135066,16.069223219483973,14.421943408320915,16.796017563112272,16.223027837494943,17.306802998843743,16.18992574236514,17.287982374906168,16.095058520148825,17.284889500109973,13.471472573111523,18.87277457024163,17.306802998843743,16.94351369876438,16.460999801260947,16.904543038133724
35,https://youtu.be/QFxN2oDKk0E,3741700,47776293,Godzilla:King of the Monsters,13543556.13095238,27488628.09523809,47583000,21032230,33797466.60880468,0.0,30345225.42876064,25543.807154247133,2450429.274689073,13298882.477405574,47966724.0,3358.05,0.0,31622776.0,616903.5625,3282255.25,16.825523668455435,17.34869299179646,12.171967624880223,17.101823100139335,16.453054413655114,17.682040133019466,16.673764722056475,17.68150533561254,17.355814929091224,17.62938839275328,12.157050454444578,17.681969843598964,17.682040133019466,16.597648416728155,17.669043708136424,17.61086577748878
36,https://youtu.be/JXwmbpV2fBs,2066051,25725722,Rocketman,18073700.650462966,13355584.642857146,26098704,12588555,22163644.25625334,0.0,9483118.333513863,88881.7221783965,692791.2564498142,2332686.263607605,25972450.0,189988286.9,0.0,10000000.0,1083677.75,5563659.0,16.33079592920045,15.85048053028253,12.82928812117981,16.39095602267771,15.085854849197913,17.06300194424572,16.60314826570474,17.059540987334845,16.96794896067575,17.035702785735854,12.416045847290995,18.916976717121074,17.06300194424572,16.570808337236283,17.01996469846082,16.81931337687925
37,https://youtu.be/XgB4gaY2dWE,86190,23019618,Return of the Jedi,46165788.34649122,73435802.9047619,17168994,14416986,29597862.65534032,0.0,498102.9033382617,562361.281525985,436087.43555433466,7088725.204198377,23232557.0,189988286.9,13596079.361460872,31622776.0,28553152.0,3171862.0,17.735822830388333,16.957339940218166,15.582059051108146,15.967578877156171,15.69927865002324,16.951857410295673,16.929981681201596,16.927124403581306,16.58377078802108,16.932731506778882,12.268765714868596,18.933316747391714,16.058721333779964,15.967640019357606,15.526337409777662,16.80360156123167
38,https://youtu.be/98Nkqlp_hrg,87469,25337110,Indiana Jones and the Temple of Doom,23090335.884920634,22190284.53571428,21813521,5277503,17898362.42082293,0.0,31853360.00712259,611595.8230489773,140011.26734946654,11652214.059503675,100762295.0,2885210.4,11238041.265287962,31622776.0,20563698.0,1543995.5,14.961905031305802,14.625006463862222,15.074990914207167,16.814218798931257,15.822213190938266,17.0477807168865,15.68980976961999,17.023346271533068,16.43180336959161,17.042239455884108,18.13865180903221,16.92688582781191,16.46161937691031,15.653782520071653,15.378572120633523,16.984906832090715
39,https://youtu.be/p2py_xcP2Wo,80913,318403,The Idolmaker,13914370.560773484,5043142.315476188,1650734,4827824,0.0,0.0,232350.31968696805,7160.884017321659,72819.38222462151,224127.91673425966,325700.0,2885210.4,0.0,3162277.0,20765626.0,2828893.75,15.368323157712062,16.425283877407523,14.102441348274287,15.32167954362048,12.671076295687524,12.671076295687524,11.362726570196706,12.648329609191734,11.453982812548375,12.411396842085965,8.895355616996392,14.758173817410412,12.671076295687524,14.860678116759315,16.83335768551753,14.73598920825353
40,https://youtu.be/1tqWK4wbwk4,113211,117161,The Grass Harp,21008195.483766228,7623963.202380952,1880334,14353426,0.0,0.0,126852.66829432914,22685.285310333093,43010.87724602917,266978.6885494541,543727.0,17734825.0,0.0,100000.0,22498866.0,2972836.75,15.83132026099651,16.854830700699022,14.382626151915495,16.471303210461542,11.671312871468553,11.671312871468553,9.179125032750457,11.456108677718685,11.917181098955712,11.21386048910985,12.963524726190421,16.684412649826985,11.671312871468553,9.750452916367067,16.92375448671848,14.864819413262849
41,https://youtu.be/zQfoX6mS-0I,427998,26334,The Grand,21616982.18827161,19130483.666666664,1851898,8384636,87533.2801656708,0.0,17815.612685207958,605443.7941272648,50367.88128251831,84124.89666351561,28577.0,2885210.4,0.0,31622776.0,33606384.0,6898365.5,16.765416181798866,16.887770870972307,14.417400086127026,15.938765974024916,11.021907046360377,10.17865413191749,9.050099705828227,13.26924909252776,10.964603848699124,10.087261440957356,7.716015266642587,14.865939588258366,10.17865413191749,17.26855510893028,17.32944272837368,15.742970471971482
42,https://youtu.be/U1fu_sA7XhE,73195,7061513,Jaws,23081015.46818181,7492757.672619048,3431193,9534147,16933312.58049055,0.0,339168.5187627834,36276.10755268724,113755.42027551125,1607519.8064477432,7722249.0,5755499.85,3966594.7503207335,100000.0,36356040.0,5100063.0,12.974433212770805,16.58931750462863,15.10483163208342,14.720794941595118,16.1051928244057,15.770170034070894,15.720947681548564,15.76501963630429,15.511858777765223,15.753929659010103,13.401111157660806,14.082490423369315,14.945272373188342,15.75590753739029,17.19291129886673,14.489195063437739
43,https://youtu.be/3y9qKMLjBfc,78346,7465343,Superman (1978),27003659.18910257,10495014.101190476,20070570,9128932,4038322.567299435,0.0,532082.1187045642,9367.485661480241,385070.5405799109,3687209.575553924,7514115.0,2885210.4,16847617.245968483,10000000.0,40249344.0,1087608.75,14.923964954200738,16.787888079534664,16.349622206500865,14.324488475772476,15.04720205490797,15.825782069608367,15.751840950367944,15.824526485441654,15.144740907259227,15.772823089135883,10.79493216003758,15.3372387259706,16.054332855104715,14.745569274663477,17.305451210466185,15.668323615812877
44,https://youtu.be/BGT3n1Emi8U,109445,31665,Clerks,8649411.186868688,8351997.821428573,5906841,6560702,5068264.944340055,0.0,190432.8823276397,534061.704262074,28592.435126517797,85656.56653158451,10960805.0,2885210.4,2074728.0866816072,31622.0,35746024.0,-244053.9375,15.934212934760351,15.969334261251726,15.586246745200242,15.691770170338692,15.432241996721366,10.362998829061379,11.975204853477841,13.127147324583635,10.896601659248333,8.030593363487965,16.206943266030432,14.864073129559129,14.52996124221702,3.784189633918261,17.391063406769042,12.527140910320323
45,https://youtu.be/QsWto8p7t1E,104573,8085915,Juice,55297675.91465863,10873757.464285716,4930153,10151408,4485104.20094997,0.0,816863.920153335,402380.9296977807,68317.54647286098,326204.3740218611,11836123.0,2885210.4,4805114.230812052,3162277.0,11195938.0,4506948.0,14.84077890304731,17.67015361261951,14.964740863071093,14.540879980949088,15.096669877741213,15.905634340803394,15.799136453091906,15.854590294832594,15.864455729868137,15.897149490302818,15.137322129726883,15.464304866653979,15.003598392314885,15.409558449220297,14.950141001167442,15.090585048663208
46,https://youtu.be/h4uJ6938buE,124718,7610663,He Got Game,24725007.56209151,22254103.45238095,7511076,12443123,8065790.283043805,0.0,3129445.7003416726,70998.87214229483,655524.4255821187,1153331.730906541,1200727.0,169284.85,9774189.841969945,31622.0,10169669.0,7339452.0,16.49950311075632,16.65542759153445,11.508796954386447,15.390866419675099,13.028334598950876,15.84506097964516,15.315405509309695,15.835688326246895,15.680726829026085,15.754991451350808,15.673360000455418,15.822566759254105,14.58725070751271,15.840897364406995,14.755129850581717,12.510656081857084
47,https://youtu.be/mjEdWksilWM,105812,14711124,White Men Can't Jump,39899076.26883562,14489751.744047618,13129075,5465745,8419426.051090023,0.0,3628265.1640387294,9429.04833008116,37389.61947424437,809319.1404858971,11226130.0,14589.95,5206564.49477593,316227.0,5888754.5,11098865.0,12.307605496803994,17.04187639329429,14.27423203237287,16.039634525257725,15.654741695370669,16.504114568239277,16.220910313918033,16.503473415956158,16.447529307612967,16.501569744873205,15.063977167455503,16.503122313080436,16.067282294563586,16.482384396209632,15.99280115604469,15.099844173209698
48,https://youtu.be/ohIPGrbnwYc,166924,587591,Mulholland Drive,25345930.659090906,4982090.952380953,4954573,18649220,4509511.814776193,0.0,304321.49412726425,576769.2760220334,118113.87314162635,442896.9451614263,148930.0,189988286.9,7460269.230315719,3162277.0,13413752.0,1717490.75,15.295864533707931,17.02467298653537,15.289582939627513,16.709300356586937,15.182092350500506,13.283788108485298,12.554157571230979,9.289403274686792,11.882383736766574,13.059376988384114,12.99148446384483,19.059375418223738,15.743064578028982,14.761238531293703,16.366997549205287,13.937640354972674
49,https://youtu.be/k_BybDB_phY,90756,789409,Blue Velvet,27058434.500000004,16918055.04761905,3069865,14485543,2114944.319021216,0.0,209378.61418302672,438411.64795762993,290625.4259295709,602222.0322763636,148930.0,189988286.9,1985041.7435098127,100000.0,19883168.0,2808349.25,16.596107568568495,17.083901103495062,14.639886419441982,16.432624234207605,14.097327704578174,13.579041109979647,13.27083749453606,12.768536807400999,12.139868565979329,13.119929566228059,13.3699731742264,19.058309289088808,13.994186932069779,13.443591438326687,16.76487213806759,14.518083798307957
50,https://youtu.be/ELeMaP8EPAA,7131622,41082018,Once Upon a Time in Hollywood,40149859.19927537,17078081.17857143,44026380,12122769,914503.1748989854,8302485.829126085,6717906.718843788,473234.8857678063,318460.4999088316,2782215.8834248795,30051032.0,189988286.9,0.0,31622776.0,436853.0625,5062841.5,16.9937284507461,13.745259538975112,14.895403052860317,17.18140022735638,17.508569162877293,17.305314889899535,17.352523330141224,17.519494958663458,17.460955313578264,17.52329906623943,16.21621887045386,18.818827604893976,17.531081089820802,16.06250291668455,17.520390467759963,17.399562062915003
51,https://youtu.be/cd-go0oBF4Y,118715,5533844,The Big Lebowski,25515637.31127451,9329784.42857143,6722414,11140787,28730903.74382881,8737461.468862114,16401485.509532705,598911.8457704774,75550.4834010464,2260593.534171035,5620450.0,2885210.4,7125399.876134314,3162277.0,20312384.0,5435890.5,15.149443008817212,16.810332132521516,13.98826230316509,15.539516387540328,16.959536136534076,14.979791500448794,16.201300355127653,15.411849685515737,15.001294380910556,15.512646939329406,11.369135922692621,14.789554819894922,14.280223262504808,14.679061897723813,16.50868675413271,11.492258364124439
52,https://youtu.be/pyWuHv2-Abk,5700672,284776,Train to Busan,42241061.6476378,266289.76785714284,3191207,11779580,3712286.649647312,3138121.2553680236,204706.70860921254,26966.92081867724,204560.3853791764,844130.8547672009,3970.0,189988286.9,2943910.4004895133,100000.0,1667301.0,2415344.5,9.824835618360053,17.552138840141488,14.882436770012939,16.257405752138183,15.047345089288779,14.864002988190036,11.290660170260601,12.45997846562491,13.234541141311029,11.292485937247106,12.545422879598005,19.06097294764901,14.793511590511816,12.126904971569614,14.139422818711733,14.5718998728404
53,https://youtu.be/foGraEVNI0s,1374989,5324240,Pride and Prejudice and Zombies,30840949.707446802,12302872.255952382,8922461,9349948,13767176.265187815,4137345.408991066,11534669.776264727,614.267127038576,378696.1930985879,1967769.4288925286,24106482.0,189988286.9,11563557.623693256,3162277.0,1923770.5,10276690.0,15.758363646962737,17.054844117359707,15.09595039253416,15.208211602390698,15.948840823230547,13.986851709326208,15.641740819662374,15.48766534575999,15.026400852522444,15.413997690256751,16.748422460182287,19.034048774895965,15.646381539462459,14.586527625793813,15.039424362365377,15.415393163512965
54,https://youtu.be/4lj185DaZ_o,97165,340456,Dead Poets Society,19256050.524572648,5894549.345238096,8806505,8249365,8474907.66626871,4045190.1073559774,499711.78586609045,568756.3269997063,123311.18301909347,287926.0425522309,7514115.0,189988286.9,6500624.02370207,1000000.0,28781732.0,8025835.0,15.530045933603795,16.755497299802798,15.951574606022415,15.883500529995665,15.911619015028048,15.125122318166074,11.978273183930591,12.338421645027084,10.86915794046702,12.288324374507368,15.785926542586335,19.06067939392205,15.633614774045936,13.39930548232194,17.163352063438385,15.854830380706998
55,https://youtu.be/3xxdYfUvi9g,95159,115418,A Fish Called Wanda,22511610.7838983,6666015.214285714,6782896,7803678,8898663.36793893,3225588.4967992883,506626.1651643646,74312.1515967906,46418.4195526791,1401322.8381757406,325700.0,2885210.4,2854345.7699828125,3162277.0,36173068.0,2972145.75,15.695066933866364,16.924401582025485,15.712752385427047,15.855205178067457,15.988356643051095,14.950188426300427,12.876997645202625,10.623930014418768,14.066973960395778,11.141870195824026,12.256209521523646,14.83428329054439,14.823077442059233,14.929622110079308,17.400629632186703,14.865187734458498
56,https://youtu.be/mLs1y_KSTKk,94332,9454238,The Witches of Eastwick,25191521.30803572,12213113.107142854,9107424,10935042,4504064.951582142,4133723.00190256,10583783.880171366,612313.6966761843,72333.22133821096,3234440.6475707917,9446116.0,2885210.4,3451294.921825977,10000000.0,19681050.0,2288516.25,14.830333947204885,16.57154325163546,12.756546775548314,14.208096416788939,15.414933295223266,15.487080848737975,13.937327119271343,15.995015205393694,15.643248044966247,16.05429347504264,9.002454823050954,15.697876525648052,15.607760586544083,13.209940094559089,16.140523554688937,15.784819486453024
57,https://youtu.be/D6gABQFR94U,91042,6275647,Ferris Bueller's Day Off,14643464.7030303,9699658.738095237,7351165,7444780,14216908.427319927,5587505.684828216,17603647.974498324,612313.8571521058,46083.01021561555,3166940.9018309345,6237049.0,5755499.85,4045691.703070514,316227.0,24643840.0,904340.5625,15.046323736474944,15.93990379954429,13.888313893735642,13.971773861772014,15.887582816468933,13.441750948971617,16.24278826921809,15.549523347919587,14.949717473656818,15.644817063251015,10.560981648381585,13.161868953826371,14.617492545454795,15.600483886671388,16.726131139892345,15.496581907521264
58,https://youtu.be/qvsgGtivCgs,88763,11152500,Back to the Future,20241152.141472865,12478450.690476192,15328460,16510414,32905371.65186864,8009240.5438275635,32022770.37971098,1835.3905499864609,243276.30749853962,4909985.94452735,28626522.0,2885210.4,7490744.67648776,3162277.0,36127972.0,1897985.75,14.09764101654254,16.022537285920603,15.244855069420542,15.494085464832448,16.89525638272569,14.960771180998034,16.85383628230909,16.22700975000347,15.646893712902905,16.205119291352055,16.676225936080584,15.927817395425397,15.11345346008894,15.893729352393288,17.03340482125849,16.040622125524543
59,https://youtu.be/4NT4C1F_HZE,87928,8570007,Police Academy,23942504.5997807,9937329.351190476,11486010,8301360,5862876.164630097,3579975.352270002,8245342.641173112,612304.7173301213,45559.84213110619,1700059.4839853668,2406449.0,2885210.4,4150030.4064382687,3162277.0,25023222.0,2209866.25,14.12836562847393,16.548090665723773,14.885724743851858,12.501157251498697,14.81140026906179,15.42295301033756,12.69055026569451,15.8896509838592,15.742667170140558,15.958448846823842,15.634164928411062,15.55330608207037,15.301645184711107,15.503340154343546,16.61603151758748,15.665561222803786
60,https://youtu.be/vEaXAsbvHV4,86465,7348200,Trading Places,24432279.56881721,8151245.321428573,7998751,11525206,9522963.571277514,3741342.9930927055,4927893.514079952,545299.7022299884,42890.76537986945,2562062.728916094,11226130.0,2885210.4,15597778.956030956,10000000.0,30571472.0,3299870.5,13.596167676730378,16.65365762697178,13.385576512248624,15.245105519321815,14.592430973555418,15.098347593130027,14.699405150358935,15.732859740588992,15.3812344377736,15.804112071070108,15.170812321949805,15.3113296374026,15.92567284259419,14.79074958976503,16.960665480373,15.213815131873563
61,https://youtu.be/vOIYaRb6XpQ,84726,14347221,Star Trek II The Wrath of Khan,25462525.16875001,16546410.690476192,11869027,11915353,9061066.87807656,5566638.8026284855,14898417.22324334,9774.032705517851,101336.28086586473,3119306.5681772437,14484596.0,17734825.0,5253508.215007138,10000000.0,32796214.0,1808799.5,14.603599982683159,16.223833560581586,14.72304103056908,14.704170655485838,15.480601719520454,15.988053386796198,13.219847961011677,16.4783854112794,16.233913684535185,16.471978701526595,11.830476971024288,15.03563373999968,16.02309393992183,15.28504757837016,16.73052040121897,16.34430828780772
62,https://youtu.be/2HCR4c1zPyk,80455,4858152,The Blues Brothers,26661516.19528112,34652649.291666664,5123339,8181580,4943048.876668531,9767018.896792946,701839.4399284024,46780.67164551248,43732.78668573975,2366136.9483949626,3819557.0,2885210.4,11264108.771125484,10000000.0,44777300.0,5174484.5,17.20983431334605,16.89757488260201,12.488194287401305,15.01650763921467,11.349204362193184,15.406553902267209,15.240139075918176,15.386492908739747,14.728602600122764,15.387126183360706,13.853380359046598,14.495036691829396,15.672739017047945,15.452923300371337,17.502366691545042,12.664552315794205
63,https://youtu.be/lSA7mAHolAw,434409,25642340,V For Vendetta,14631070.083333336,29308250.13095238,29396041,14665823,47284415.85963675,19193683.652237225,23300358.09782319,7721.55720066097,597809.9890571255,5032598.990312587,47966724.0,189988286.9,20282930.243303265,31622776.0,11721054.0,11414400.0,15.11458746566744,16.214429934976746,15.138253110985133,16.21126882171176,16.89014998051842,15.679382503965448,14.666508522590865,17.059454317870294,16.841274435063276,17.036166038742778,16.92119013675501,18.917484202461765,15.494364593551758,15.604004200179903,16.448929665493225,16.470718265289005
64,https://youtu.be/aWemepbqFPI,107206,15269388,In the Line of Fire,20600210.69607843,10366192.00595238,16662296,12818062,9454700.85422441,3387359.625087677,9440220.616028337,73077.20790698621,51172.803599380924,5815371.084520289,15270211.0,2885210.4,13623538.783644617,10000000.0,10031363.0,3282642.0,15.405397998094166,15.48901632380397,14.1469049239949,14.712140068543949,15.57589771322347,16.290537680114287,15.578384903893296,16.536563311116343,16.06195038534936,16.53800370224147,6.714170529909472,16.33193029654228,14.313767657509505,15.47742497451713,15.471455267764089,16.299312180768116
65,https://youtu.be/hNCmb-4oXJA,6857112,71117625,Us,56958543.98484848,8474727.88095238,14107178,7967480,38071200.24561183,9833183.515421296,16837852.223221693,415904.35962631117,596512.4423597908,18736573.800853334,77346266.0,189988286.9,0.0,10000.0,23285034.0,5086934.5,17.95296087484489,16.46586681468988,17.85874510724737,17.961025718713763,17.313423971799125,17.93103657562177,17.80966222521368,18.073980481919303,17.77405548464557,18.071422706033484,15.644668889474993,18.593546593621664,18.079845768410316,18.079705146405775,17.683217806117902,18.00563021462841
66,https://youtu.be/EeQKCa9ez90,865556,21401121,The Forbidden Kingdom,16903135.802721083,21282347.410714287,21220750,13873269,20749903.677523807,4132437.9910606495,11989673.02784856,260803.75206185906,253989.7266430107,5014840.524063683,21692555.0,3358.05,19367331.00600156,316227.0,6192980.0,8571439.0,11.684982768130496,15.3191403428615,12.102776663921226,15.834120432957866,13.386600229755285,16.664405246231542,16.057437481870274,16.86669259259476,16.61195504736721,16.86701486435122,12.582572275345322,16.87879698621504,14.525412094164576,16.864067465306906,16.537341500297764,16.367272028570287
67,https://youtu.be/DIM1-q-uNow,113326,9858380,Rumble in the Bronx,16427223.15616798,23647908.06547619,7166613,7532832,6720287.195869693,7784042.526009242,407050.36284737685,612370.0453414947,266453.8417985177,839216.8907396718,5275215.0,2885210.4,7963597.318495687,31622.0,11044020.0,252698.5625,16.43942009874952,15.697848447459831,14.805708784755076,14.65946669816178,14.959126104795285,14.545152853101655,16.061666097721684,16.03970276832936,16.01486221693089,16.07643238164496,15.337900583651363,15.75758057170051,14.454615237742333,16.10061973277397,13.985794114572451,16.0778654018951
68,https://youtu.be/I16020r--oM,985694,14102888,Machete,33952142.04545454,18815339.49404762,15069279,11033867,18442102.983462367,6026818.84538662,7675748.436128024,612157.8612825937,190477.34562709945,5714507.980859048,11501955.0,3358.05,7064158.399725821,10000000.0,5433005.0,2908008.25,15.36571902984889,16.80367703519699,13.781324827982727,14.936869502034961,15.283204240785793,15.904415945179188,15.676040294951662,16.41751342528585,15.942358094285712,16.448291924455777,14.771381169253017,16.461652088837624,15.766938399414926,15.227201917682795,15.975365969197783,16.230967155881437
69,https://youtu.be/7aYmBrXyISA,86960,15214805,Beverly Hills Cop,23105372.52380953,13059922.428571427,15058056,8974823,9994412.68832239,4372127.189377295,7436006.592997593,1934.1818283487287,43561.22405413947,5351979.401739052,15270211.0,2885210.4,3617280.7841230487,100000.0,25812128.0,4068868.25,14.583247252881147,15.881178746475754,11.962407458495168,15.646488015982925,15.46808330408505,16.19900064619715,15.866912566380332,16.53765245760103,16.10428335874751,16.53491240306358,10.92246121854402,16.32751307654913,16.266302289856757,16.53118535118114,16.176112074380526,16.226585662132806
70,https://youtu.be/wglmbroElU0,409459,55214334,Watchmen,47616173.22463768,30321978.52976191,59226950,8271246,66978367.87173484,11565598.566051845,47510784.93098648,60460.29830427372,700509.713414948,14591524.061934687,6898885.0,169284.85,44836444.609382205,10000000.0,50762664.0,8706611.0,17.030071345243545,15.843416904338039,15.2049542048738,17.66444655363566,16.280557542926946,17.59168489215502,15.85719182849781,17.82563755870619,17.51984031256088,17.813964902446628,17.69326194324985,17.823662501558985,16.155188177148304,17.62692474053999,15.30879008927581,17.65512896429014
71,https://youtu.be/HlAECQzTkfY,119396,9292248,Jackie Brown,23560060.46604938,18865492.023809526,10194001,15652509,13290811.827087542,4232766.462160927,9803821.046643557,7844553.941608695,59925.245944299655,1631081.5164588084,9186081.0,169284.85,2879156.770259661,1000000.0,11576789.0,1793582.5,16.07448278890121,16.473516751787667,13.712097034575187,15.66558012943637,15.20144606147436,15.436774770785005,13.14524761761808,14.185483234715921,15.851674943098027,16.038221335795335,11.572778024117085,16.026305325691478,15.673852119711716,15.930831781030507,14.641676124583373,15.830235762698244
72,https://youtu.be/8m9EVP8X7N8,1156398,24733155,Zombieland,29849546.232558146,18469086.851190474,29653010,14222425,36094876.65225808,7697977.23233487,20338200.89633899,1398698.202682705,320713.9278618131,9996142.128380436,40341208.0,189988286.9,7612279.788451628,31622776.0,83658200.0,6032001.0,15.650340555673827,15.44796010656029,15.408789819747483,16.1679072932413,16.245760601684932,16.650791103161566,15.29596787372751,16.96544170149796,16.50587283747334,17.010603481287173,16.563297621043322,18.923001097635762,16.655809107949285,15.745526779365846,17.891776787439536,16.744095844623338
73,https://youtu.be/io8Jw9BRRFY,100168,4387360,Mo Better Blues,31399099.28440367,15966604.970238093,4184150,4784635,1503147.0247292968,5340810.9108371,1463716.2850440503,484516.323243952,48604.44913844486,708500.4521894228,1200727.0,14589.95,3157045.5122224945,100000.0,16848092.0,3710611.25,16.264724913156424,17.11178215480774,12.222000127079546,12.892386532225741,14.874762968556624,13.767844268390084,14.88834158595628,15.177216249510268,15.118113628451562,15.283098356006963,14.974475745260907,15.290907473662017,14.022781188587658,15.271181950105726,16.33809289784367,13.425056838063846
74,https://youtu.be/2iBFmKlO4BY,103074,6101297,Thelma and Louise,16658991.18085106,7953991.833333332,6834321,5810787,8808045.947777484,4612302.875918704,6362079.088219324,603813.2693787552,209619.0184914185,535458.5484374643,6089290.0,2885210.4,6110384.380347707,10000000.0,22672188.0,3004123.25,14.432152343565603,16.172365553031238,13.504935086699184,12.579396720305922,14.811259191879705,14.213612037034387,12.471444261147257,15.519801223894007,15.532158376160863,15.589051571290238,9.393328373313297,14.983676147715995,9.114751991725505,15.176154748181132,16.62315822018076,14.946000882936612
75,https://youtu.be/pumf6m7d14w,102526,7039622,New Jack City,23293666.19627193,20555766.684523813,5269136,10756378,3125924.6191970143,11284526.279580966,2078366.743387208,612312.2345282855,61220.610947849564,1368834.2337713856,7058766.0,2885210.4,5495627.8399460185,10000000.0,15429576.0,3927989.25,16.419395505429716,16.603852370916,14.386765207948539,15.128362071839668,15.179993362344586,15.261230064070148,15.41716954417467,15.676066776299699,15.550838778238361,15.758330564450645,9.859796863911395,15.23968160443659,14.249883874881881,14.900827858644293,15.942545714900996,14.950658467765768
76,https://youtu.be/zzwPuJklv4w,104692,7751971,The Lawnmower Man,43861728.86827956,9782964.67857143,5166923,3791406,4701997.39539534,3167728.695058211,161853.59517880742,611911.6466223705,56805.91734842062,1790481.901936433,7722249.0,2885210.4,6013148.043332936,100000.0,29936618.0,4199193.5,14.524036220456395,17.40207371553208,14.765255021257586,15.191897502310175,14.930643822189802,15.33813561296246,15.842357749358326,15.781231787134052,15.600831024246245,15.856102908212792,10.299676435863896,15.397939304669514,14.368719555703187,15.850473950361513,16.914911076092757,15.083240531376756
77,https://youtu.be/gG22XNhtnoY,108052,656636,Schindler's List,19833237.314102564,6874486.7976190485,5432644,6361702,39800954.76412661,5174917.279066228,440499.3629835358,14396.454261648565,29223.7478706764,981019.905873055,688732.0,189988286.9,7421291.8788770065,1000000.0,13607353.0,1111848.5,15.642935034903644,16.76920146439149,15.37911581847491,15.556865285293489,17.482765880835743,15.323642452824688,12.283670692144781,13.372718194331826,12.689686070772975,13.349360696812939,10.376517846806717,19.059010807168022,15.727222098252975,12.746549300294214,16.3766617885883,13.028521818647986
78,https://youtu.be/g-HeV8Z6iXc,109831,138486,Four Weddings and a Funeral,12906371.098348346,3753403.6785714286,4360336,8519009,3169000.4096367867,5148900.304482228,1511721.7734930078,77058.15908652967,39331.23013607472,270081.7517708212,6898885.0,17734825.0,5163976.959016772,3162277.0,22994316.0,2636818.25,15.100579917767735,16.362443677763228,15.255784215436526,15.941421000336293,14.924243265210173,15.427029364731672,14.132681119622353,11.02563472556828,11.78749761497619,11.50444732553693,15.72659261786621,16.68320148383738,15.430033909409191,14.922022230847114,16.944716828745705,14.731134367495155
79,https://youtu.be/yNLaTtpovys,113161,12700007,Get Shorty,25268636.930735923,17104936.42261905,10569745,9868594,6809018.887060752,5328213.563179167,10202554.759219076,477899.26586150104,36107.795575729055,4449882.4586573485,12714249.0,189988286.9,8388871.570456559,10000000.0,12613754.0,3141189.25,15.298235022135517,16.346714659021004,14.571756004241703,14.85628679148071,15.588934472418472,15.813171713066858,14.730782066919538,16.318757060988695,15.925738975327526,16.35426600025485,9.564020836934587,18.993287671285163,15.27671210007228,14.808765293933131,11.36505171062983,16.072974715677724
80,https://youtu.be/rCCaTPY-z4Q,116695,17084296,Jerry Maguire,22286019.57876712,13963829.589285715,17728780,14579036,19066746.264800526,6051596.874153532,13502776.797256935,14272.289770894973,48467.279876199216,3144844.8405087623,17234170.0,189988286.9,14278107.994599964,10000000.0,12202697.0,5088175.5,14.953493359691473,15.464500778330937,13.376206827234837,14.7339034786903,14.499844649490633,16.216374159625623,15.091297905881564,16.652834542351833,16.450233662631366,16.650829314678493,11.917556892329815,18.968247038299086,14.847337894967012,15.773391202471853,15.400983592944542,16.30009394717587
81,https://youtu.be/IOmm1OD2ArQ,120490,66920,Welcome to Sarajevo,16788654.35333333,4704052.6190476185,2126391,12447480,0.0,3104262.421505845,82335.04909681418,2147.5503665063447,42825.82726361867,99825.81619168824,325700.0,2885210.4,0.0,100000.0,18585414.0,3289758.0,15.3496069787979,16.632219949310077,14.537960197232955,16.331638139218263,11.111268098204892,14.92649381682683,9.64316439488507,11.07865107050078,10.401435094373511,10.089766798020777,12.463737423148745,14.851641372766059,11.111268098204892,10.406714378426788,16.73428052038133,14.98577320609035
82,https://youtu.be/qFee7ad2Zgo,120376,217,Trojan War,13288726.008771932,10522510.351190478,3747549,5838435,0.0,5952497.269113994,100798.57773817373,2260.231110674464,119067.37783245287,996273.5490570776,7514115.0,2885210.4,0.0,100000.0,19103596.0,4977945.0,16.169006835714377,16.40241031069255,15.1365549449239,15.579936342539472,5.384495062789089,15.599285110614074,11.518734338132619,7.622777012776558,13.811560315075313,11.685629065758187,15.832265063449988,14.87503351684793,5.384495062789089,11.510763128805545,16.765375840711478,15.42048432089384
83,https://youtu.be/JUEEOxIUOL8,119196,118278,The Gingerbread Man,18034756.416666668,24714215.31547619,3347279,13991323,0.0,2383475.8391299467,37125.40121341745,360828.1689351765,295826.7128964648,1465527.1657295043,9186081.0,17734825.0,0.0,3162277.0,20372530.0,2356163.0,17.018091878143593,16.70123148508653,14.987683669127028,16.44545837885063,11.680801519415963,14.633173100741498,11.304098919298703,12.39896797301931,14.113576158808915,12.087005921340722,16.020240675907502,16.68434924554431,11.680801519415963,14.928682997963714,16.823875354156083,14.621042228218805
84,https://youtu.be/NJP7JzpfO88,161023,80030,Tumbleweeds,19611290.651162792,15789195.702380953,3072936,6860224,0.0,4207293.931632147,70568.96404017354,229369.58367486214,56685.35850625335,40280.73177699194,6237049.0,0.0,1357206.205920175,316227.0,17974798.0,3804809.5,16.569754966328563,16.787526901440305,14.911755713849569,15.729516420564934,11.290169338597284,15.233125501399828,9.15504285663055,11.913984772944598,10.590371867808342,10.058165585877218,15.633103452223299,11.290169338597284,14.060162892748515,12.372425715309042,16.70001899346525,15.130518481885085
85,https://youtu.be/i6zhRf6uQyA,216772,576820,Turn it up,33985526.609375,15647989.220238095,827690,9705966,1376519.5666922794,4721426.074206993,64655.16433022824,1838.499622799024,109626.14215758703,291316.1891598123,11501955.0,2885210.4,0.0,100000.0,12660808.0,3367154.25,16.52829421989301,17.324327130836313,12.432694141776214,16.02698281994797,13.591992644950816,15.237318546933219,13.146403749370602,13.262094885189754,12.562014158514824,13.054501704105132,16.206576747381032,14.652061476287836,13.26528727205712,13.074896437387546,16.30739191119368,14.841672307869082
86,https://youtu.be/BPQQe2fFM3Q,180052,2182900,The Adventures of Pluto Nash,33764891.885416664,11956064.083333332,3228349,5854834,7345381.343094285,3696907.17287678,8069520.9774919,77049.93459885626,135534.70480612046,3228814.246758164,5129953.0,169284.85,32873637.30315987,3162277.0,11662198.0,1811245.75,16.095150930954972,17.268097670735337,13.859957972699569,15.11622932904079,15.45692809602171,14.23027111116627,15.58819287285062,14.560230249992596,13.860402894280398,14.532064791084515,14.896316585270991,14.515442743231945,17.23947148310551,13.794672955265778,16.06462092634945,12.825721956247666
87,https://youtu.be/r5X-hFf6Bwo,167260,72629713,The Lord of the Rings: The Return of the King,41478360.39555555,99464940.14880952,65032281,18244720,79907561.04883146,13919536.023357833,34526929.38831782,113610.50753970926,298961.6635197628,16945306.227777194,77346266.0,189988286.9,30679236.576543193,100000000.0,50353584.0,10238111.0,17.105226065468962,17.25436825664991,15.843320985043842,17.811598828185545,15.800345916190519,17.888123659489395,17.455797924347003,18.099319212297928,17.835210733433087,18.09675994021586,15.366589006174319,18.580744548746406,17.55200037158643,17.12496860343136,16.919026259551845,17.948941256976973
88,https://youtu.be/lAxgztbYDbs,304141,93687367,Harry Potter and the Prisoner of Azkaban,15973508.25390625,81944827.17857143,86587641,13003335,71923390.67797069,4139054.1767419255,56921055.88874777,845401.5094250723,263662.6672829281,26802999.71865411,100762295.0,2885210.4,45314140.98169194,3162277.0,109554528.0,2400138.25,16.278728773260347,18.16854417454153,15.77556689056807,18.2060512574063,16.8957667445928,18.310288856849365,17.420092552116166,18.346409320647425,18.018475839819285,18.35265567541499,15.772067966107532,18.324193605403746,17.694457057858234,18.321137618862643,16.579762248533648,18.329521464478898
89,https://youtu.be/KIk5rfA5uWE,371257,2188199,Stay,20969505.875,23880114.60119048,6388663,12238386,6589391.532771952,3588695.6155490805,7336095.827126285,299098.93969991896,466441.83260237507,2166564.9322713227,2206643.0,3358.05,15030998.650050504,10000000.0,6084536.5,2198670.5,16.892450242255194,16.748372671225788,15.250705791410937,16.123101898762055,15.297386319553011,14.152338171109683,15.454099000400632,14.451611644417392,9.982070783168405,14.358856517056285,9.822548610030776,14.59705404979948,16.368293951604375,15.871146225035382,15.175547823953941,9.25650805282119
90,https://youtu.be/Q5hA3PN0uic,460792,410804,Fast Food Nation,25602034.826666664,4629278.964285715,1832222,8892087,1086049.4436333992,5140677.745300328,150344.50279810413,9369.897139671595,49342.71016420589,63489.26809011666,400945.0,3358.05,0.0,316227.0,4339934.0,2769394.5,15.254984474879448,17.042006548549065,14.16716622638845,15.953372411400316,13.422833004900378,15.369409279208469,12.470206486457505,12.902801162592821,12.75798953546002,12.797912999332752,9.19624144759668,12.917666019139295,12.9258739283354,11.457180169854597,15.183928839802027,14.67357517679873
91,https://youtu.be/g7ArZ7VD-QQ,758758,212440,Into the Wild,17533787.899122808,21005632.238095246,4262354,8827681,19169125.025657654,5794259.294737763,474282.3257819176,23738.889709353512,132862.55367773128,358783.93060024857,215224.0,3358.05,5732723.464129618,316227.0,8134642.5,3095954.5,16.85013624294568,16.667450339077703,15.214206451208158,15.969043518089391,16.75766725183772,15.53502549885501,12.4755016106752,12.14792491460437,11.893721652642391,11.284498560320477,7.932003152361385,12.250486342159117,15.523939950282296,11.550105636094512,15.885179944791656,14.874520767434984
92,https://youtu.be/61-GFxjTyV0,1125849,202714,The Wrestler,21769158.309523806,12467357.517857146,2710234,14311766,3516151.0163136595,3938555.3124333583,290387.9212797701,6501.053885276819,388647.3764447843,312708.3471607229,199198.0,169284.85,187627.4239881849,100000.0,5733902.0,9997523.0,16.322231251794214,16.88664920689519,14.734805173658533,16.462327206055743,15.013496883926416,15.133483869847321,11.381391177143934,12.186960904702055,11.608193345341062,12.13314907562856,8.165363632473982,10.417213466391813,9.62162690345872,11.539713441726612,15.525913359428978,16.09736321152078
93,https://youtu.be/AIzbwV7on6Q,1010048,360018,Slumdog Millionaire,19216168.937500007,8143137.785714285,25586755,8790041,18879082.664245974,8090445.9140926525,114218.25019346953,0.0,173850.60279842155,401261.6678126974,362207.0,3358.05,8061792.864218181,316227.0,7918971.5,2793569.25,15.867467944992926,16.752349781345657,17.04341502173135,15.947310176949074,16.734311335814947,15.86067490597027,12.412276526583506,12.793912086817372,10.627277118260638,12.134406904401807,7.691656822810547,12.784540889604145,15.856961491949153,10.68720643128046,15.838243444941474,14.70486257915726
94,https://youtu.be/Fi9AVKqHzHU,1116184,50353641,Jackass 3-D,28094872.37318841,29909302.11904762,22033422,12717895,647004.0911614212,1760254.3951507334,9630714.78542816,0.0,149253.96480437578,2622791.482112376,52371251.0,3358.05,5641444.665572777,1000000.0,16584196.0,-1045766.9375,16.83321662370533,16.918246629454405,17.159086595121202,17.443464874799027,17.721649041682554,17.69899802210067,17.522301814031774,17.734581508177243,17.681088508179855,17.731612991901507,14.517424696200134,17.73451481663628,17.61575689337754,17.71452212051282,17.335066987133906,17.75513723108885
95,https://youtu.be/6kw1UVovByw,1074638,88364714,Skyfall,53114815.47333333,49601877.2202381,87089792,10069520,71976425.45591791,5567031.689419222,73257262.96182893,0.0,541813.1302176919,65773878.37700258,100762295.0,3358.05,64782132.29645989,100000000.0,59224304.0,3566866.5,17.47297255643896,17.37797323691116,14.05839634259412,18.175996792539074,16.612077585547624,18.231910639623248,16.53069869250959,18.296983296341963,16.93305492286232,18.29083286593364,16.333012011560292,18.29694529346029,16.976018976487808,16.269553021367464,17.187636462955822,18.255780728978007
96,https://youtu.be/C_Tsj_wTJkQ,1951265,121897634,The Hunger Games: Mocking Jay - Part 1,31318756.241319425,64879077.16666667,116150609,15102696,86966170.7900372,4662799.46681194,77306637.80866966,0.0,602749.7821346683,76348589.96843517,236658554.0,189988286.9,41347972.83935892,100000000.0,30788416.0,11082331.0,17.858887348833843,18.321731617551173,15.564193061579175,18.48642109572709,17.368898534311644,18.579689622454495,17.61304253991786,18.618692193114814,17.63430021617198,18.613735206643266,18.55836157448964,18.036350520879036,18.204384473421307,16.901889198087716,18.327569553597545,18.523375445483072
97,https://youtu.be/RFinNxS5KN4,369610,208806270,Jurassic World,79003612.1761364,115815863.71428572,160436048,22405756,131342256.75314271,6739733.84430101,67041423.74540739,0.0,384509.060651866,50205175.33207639,236658554.0,189988286.9,51387302.42971087,10000000.0,58873280.0,3533734.5,18.348006898332027,18.681525846029583,17.694394955084178,19.043408223087486,18.165324054189334,19.124107592987787,18.769680237623827,19.156917447046666,18.881902775513943,19.155074286284915,17.14242556765056,16.750323571612793,18.874421398568998,19.107841395954832,18.82569902558178,19.139849100512812
98,https://youtu.be/KqRdVOQ98k8,2582500,3613567,Shut In,22721915.38513513,8216249.717948717,4713132,12368205,6352448.866145208,5412297.6182881715,2223468.279486348,0.0,415567.76571351825,204359.4235789932,1395116.0,3358.05,-41628.120107496165,3162277.0,3391437.5,11420956.0,15.342150108283196,16.76563593808174,13.910426114460517,15.985094289271151,14.823060682140984,14.402592317972733,14.144886043910313,15.100206207848299,15.041990733296776,14.978036245636346,14.612320213326331,15.099276486512696,15.111660307758623,13.019867643227585,12.311020325983273,15.870581279023149
99,https://youtu.be/Vu4UPet8Nyc,4209788,1172036,Molly's Game,20123873.144736845,10074555.57142857,5103051,12114715,2407450.1050844016,11740250.40339882,7890424.901906931,0.0,404426.1042711092,255725.61443356413,2302544.0,189988286.9,0.0,100000.0,510195.5625,11772292.0,16.00184500487878,16.7574114845108,15.184408474606856,16.208181297534924,14.026917589046638,16.173361507584335,15.720359085860647,13.974253818586645,13.728111526464273,13.551038237554923,13.93817853174764,19.05628488794982,13.974253818586645,13.885071134942631,13.402781285836806,16.1763888040714
100,https://youtu.be/7Pa_Weidt08,5117670,25010928,Peter Rabbit,23227784.346774194,38617161.48809523,25964574,16337067,21790478.21439742,5563274.226814813,18246598.393593006,0.0,1369419.7851950028,3207472.8512867307,24951561.0,189988286.9,0.0,31622776.0,13551978.0,3049498.0,16.426038663907036,14.393889022677206,13.768048860991414,15.975824693635948,14.985031903250883,16.783237043544585,15.727173865157864,17.034823447305882,16.89757905412515,16.978514590038202,10.99151063964997,18.921318809723054,17.034823447305882,15.7043739003967,16.2542817292846,16.904798336416953
101,https://youtu.be/pFc6I0rgmgY,4209788,10845330,BlacKkKlansman,36401764.943486586,10074555.57142857,5103051,8694839,2408539.2300844016,5060479.005666747,2933118.639007929,0.0,540284.6430927806,255725.61443356413,2302544.0,189988286.9,0.0,100000.0,524981.5625,7961809.0,13.555152337187863,17.056399738920383,15.563366901971285,14.581207211133908,15.948112672259526,15.570753333897711,15.883917992292547,16.199245222754765,16.17538345395285,16.14814427078345,15.960597859129498,19.00369469254186,16.199245222754765,16.189981892609875,16.149628177667314,14.874523021625285
102,https://youtu.be/JAHKQPBKSZ8,4154916,2375325,Replicas,33728040.86507938,14122628.125,3679332,14365010,7679964.892888325,4748365.503874122,12455817.00314124,0.0,434168.3081362953,1006930.6109338156,24106482.0,189988286.9,0.0,10000000.0,6594366.5,11657064.0,16.279134336059723,17.260811483651217,14.080953156419241,16.299557338170363,15.484092635540758,14.67968302530883,16.12611272845328,14.680645249189048,14.129149362499513,14.478795101439351,16.89425764119469,19.04989169076327,14.680645249189048,15.846900387751669,15.255118764532867,16.043559587186454
